UF,Programa Local,Previsto Original em 2025,Previsto Ajustado em 2025,Despesa Executado em 2025,Total de Atendimentos em 2025,Unnamed: 6,Ano,Mes
AL,AL - Programa Local - Articulação Rede de Parceiros para Competitividade com inovação,"R$4.103.519,00","R$4.103.519,00","R$8.254,28",0.0,,2025,Janeiro
AL,AL - Programa Local - Articulação Rede de Parceiros para Competitividade com inovação,"R$4.103.519,00","R$4.103.519,00","R$20.714,28",0.0,,2025,Fevereiro
AL,AL - Programa Local - Articulação Rede de Parceiros para Competitividade com inovação,"R$4.103.519,00","R$4.103.519,00","R$47.106,64",0.0,,2025,Março
AL,AL - Programa Local - Articulação Rede de Parceiros para Competitividade com inovação,"R$4.103.519,00","R$4.103.519,00","R$129.362,46",0.0,,2025,Abril
AL,AL - Programa Local - Articulação Rede de Parceiros para Competitividade com inovação,"R$4.103.519,00","R$4.438.107,00","R$334.292,29",0.0,,2025,Maio
AL,AL - Programa Local - Articulação Rede de Parceiros para Competitividade com inovação,"R$4.103.519,00","R$4.438.107,00","R$379.198,19",0.0,,2025,Junho
AL,AL - Programa Local - Articulação Rede de Parceiros para Competitividade com inovação,"R$4.103.519,00","R$4.438.107,00","R$577.107,16",0.0,,2025,Julho
AL,AL - Programa Local - Articulação Rede de Parceiros para Competitividade com inovação,"R$4.103.519,00","R$4.438.107,00","R$951.873,94",0.0,,2025,Agosto
AM,AM - TECNOLOGIA DISRUPTIVA,"R$864.000,00","R$864.000,00","R$0,00",0.0,,2025,Fevereiro
AM,AM - TECNOLOGIA DISRUPTIVA,"R$864.000,00","R$864.000,00","R$3.687,00",0.0,,2025,Março
AM,AM - TECNOLOGIA DISRUPTIVA,"R$864.000,00","R$864.000,00","R$7.371,00",0.0,,2025,Abril
AM,AM - TECNOLOGIA DISRUPTIVA,"R$864.000,00","R$864.000,00","R$21.229,44",0.0,,2025,Maio
AM,AM - TECNOLOGIA DISRUPTIVA,"R$864.000,00","R$864.000,00","R$34.530,96",0.0,,2025,Junho
AM,AM - TECNOLOGIA DISRUPTIVA,"R$864.000,00","R$864.000,00","R$38.632,46",0.0,,2025,Julho
AM,AM - TECNOLOGIA DISRUPTIVA,"R$864.000,00","R$864.000,00","R$38.632,46",0.0,,2025,Agosto
BA,BA - Programa Local UPEMI 2025,"R$5.505.343,00","R$5.505.343,00","R$3.096,54",18.0,,2025,Janeiro
BA,BA - Programa Local UPEMI 2025,"R$5.505.343,00","R$5.505.343,00","R$116.675,65",18.0,,2025,Fevereiro
BA,BA - Programa Local UPEMI 2025,"R$5.505.343,00","R$5.141.627,00","R$158.354,02",18.0,,2025,Março
BA,BA - Programa Local UPEMI 2025,"R$5.505.343,00","R$5.009.452,00","R$257.385,84",18.0,,2025,Abril
BA,BA - Programa Local UPEMI 2025,"R$5.505.343,00","R$5.009.452,00","R$426.398,98",45.0,,2025,Maio
BA,BA - Programa Local UPEMI 2025,"R$5.505.343,00","R$5.009.452,00","R$535.408,89",52.0,,2025,Junho
BA,BA - Programa Local UPEMI 2025,"R$5.505.343,00","R$6.509.452,00","R$662.752,02",58.0,,2025,Julho
BA,BA - Programa Local UPEMI 2025,"R$5.505.343,00","R$6.509.452,00","R$712.178,93",58.0,,2025,Agosto
ES,ES - Modernização da Gestão e Fortalecimento Institucional do SEBRAE/ES,"R$7.990.000,00","R$7.847.375,00","R$264.944,75",0.0,,2025,Janeiro
ES,ES - Modernização da Gestão e Fortalecimento Institucional do SEBRAE/ES,"R$7.990.000,00","R$8.014.029,00","R$462.164,34",0.0,,2025,Fevereiro
ES,ES - Modernização da Gestão e Fortalecimento Institucional do SEBRAE/ES,"R$7.990.000,00","R$8.286.349,00","R$687.059,34",0.0,,2025,Março
ES,ES - Modernização da Gestão e Fortalecimento Institucional do SEBRAE/ES,"R$7.990.000,00","R$8.287.273,00","R$1.026.382,76",0.0,,2025,Abril
ES,ES - Modernização da Gestão e Fortalecimento Institucional do SEBRAE/ES,"R$7.990.000,00","R$8.287.273,00","R$1.391.864,86",0.0,,2025,Maio
ES,ES - Modernização da Gestão e Fortalecimento Institucional do SEBRAE/ES,"R$7.990.000,00","R$8.552.573,00","R$1.719.750,51",0.0,,2025,Junho
ES,ES - Modernização da Gestão e Fortalecimento Institucional do SEBRAE/ES,"R$7.990.000,00","R$7.197.573,00","R$2.269.251,90",0.0,,2025,Julho
ES,ES - Modernização da Gestão e Fortalecimento Institucional do SEBRAE/ES,"R$7.990.000,00","R$9.392.573,00","R$2.707.397,06",0.0,,2025,Agosto
GO,GO - Programa Local de Atendimento,"R$14.961.780,00","R$18.205.731,00","R$638.665,72",530.0,,2025,Janeiro
GO,GO - Programa Local de Inovação,"R$712.306,00","R$869.899,00","R$0,00",0.0,,2025,Janeiro
GO,GO - Programa Local de Atendimento,"R$14.961.780,00","R$16.805.731,00","R$1.376.534,67",1.16,,2025,Fevereiro
GO,GO - Programa Local de Inovação,"R$712.306,00","R$869.899,00","R$0,00",0.0,,2025,Fevereiro
GO,GO - Programa Local de Atendimento,"R$14.961.780,00","R$16.930.731,00","R$1.609.459,93",2.651,,2025,Março
GO,GO - Programa Local de Inovação,"R$712.306,00","R$869.899,00","R$5.735,35",0.0,,2025,Março
GO,GO - Programa Local de Atendimento,"R$14.961.780,00","R$16.930.731,00","R$3.507.351,44",5.963,,2025,Abril
GO,GO - Programa Local de Inovação,"R$712.306,00","R$1.437.179,00","R$122.262,59",20.0,,2025,Abril
GO,GO - Programa Local de Atendimento,"R$14.961.780,00","R$16.526.451,00","R$4.904.242,46",7.201,,2025,Maio
GO,GO - Programa Local de Inovação,"R$712.306,00","R$1.680.299,00","R$285.423,78",55.0,,2025,Maio
GO,GO - Programa Local de Atendimento,"R$14.961.780,00","R$15.630.459,00","R$5.570.753,90",9.256,,2025,Junho
GO,GO - Programa Local de Inovação,"R$712.306,00","R$1.680.299,00","R$384.462,53",177.0,,2025,Junho
GO,GO - Programa Local de Atendimento,"R$14.961.780,00","R$15.733.459,00","R$6.781.063,17",9.851,,2025,Julho
GO,GO - Programa Local de Inovação,"R$712.306,00","R$1.680.299,00","R$455.775,59",180.0,,2025,Julho
GO,GO - Programa Local de Atendimento,"R$14.961.780,00","R$15.693.459,00","R$6.837.788,98",9.948,,2025,Agosto
GO,GO - Programa Local de Inovação,"R$712.306,00","R$1.680.299,00","R$466.721,86",180.0,,2025,Agosto
MT,MT - Programa Local - Inovação e Mercado,"R$3.200.000,00","R$3.200.000,00","R$28.359,58",0.0,,2025,Janeiro
MT,MT - Programa Local - Inovação e Mercado,"R$3.200.000,00","R$3.200.000,00","R$1.322.550,28",29.0,,2025,Fevereiro
MT,MT - Programa Local - Inovação e Mercado,"R$3.200.000,00","R$3.034.250,00","R$1.327.683,28",29.0,,2025,Março
MT,MT - Programa Local - Projetos Especiais,"R$12.000.000,00","R$12.000.000,00","R$0,00",0.0,,2025,Março
MT,MT - Programa Local - Inovação e Mercado,"R$3.200.000,00","R$3.034.250,00","R$1.333.596,28",29.0,,2025,Abril
MT,MT - Programa Local - Projetos Especiais,"R$12.000.000,00","R$12.000.000,00","R$0,00",0.0,,2025,Abril
MT,MT - Programa Local - Inovação e Mercado,"R$3.200.000,00","R$3.445.250,00","R$1.336.535,28",29.0,,2025,Maio
MT,MT - Programa Local - Projetos Especiais,"R$12.000.000,00","R$12.000.000,00","R$0,00",0.0,,2025,Maio
MT,MT - Programa Local - Inovação e Mercado,"R$3.200.000,00","R$3.445.250,00","R$1.400.393,51",29.0,,2025,Junho
MT,MT - Programa Local - Projetos Especiais,"R$12.000.000,00","R$11.300.000,00","R$0,00",0.0,,2025,Junho
MT,MT - Programa Local - Inovação e Mercado,"R$3.200.000,00","R$3.445.250,00","R$1.433.431,95",32.0,,2025,Julho
MT,MT - Programa Local - Projetos Especiais,"R$12.000.000,00","R$11.300.000,00","R$0,00",0.0,,2025,Julho
MT,MT - Programa Local - Inovação e Mercado,"R$3.200.000,00","R$3.755.250,00","R$1.434.183,95",35.0,,2025,Agosto
MT,MT - Programa Local - Projetos Especiais,"R$12.000.000,00","R$11.300.000,00","R$0,00",0.0,,2025,Agosto
MS,MS - Apoio e Fomento ao Associativismo,"R$500.000,00","R$500.000,00","-R$1.365,00",0.0,,2025,Janeiro
MS,MS - Estratégia de Centralidade no Cliente,"R$2.500.000,00","R$2.500.000,00","R$1.984,76",0.0,,2025,Janeiro
MS,MS - Fortalecimento do  Turismo Local,"R$2.026.279,00","R$2.026.279,00","-R$600,00",0.0,,2025,Janeiro
MS,MS - Impulsionamento da presença digital,"R$4.900.000,00","R$4.900.000,00","R$43.182,50",0.0,,2025,Janeiro
MS,MS - Inova TI,"R$7.500.000,00","R$7.077.293,00","R$189.711,08",0.0,,2025,Janeiro
MS,MS - Inovação e Negócios,"R$2.800.000,00","R$2.800.000,00","R$37.421,19",155.0,,2025,Janeiro
MS,MS - Mercado Internacional,"R$1.000.000,00","R$1.000.000,00","R$0,00",0.0,,2025,Janeiro
MS,MS - Parcerias Estratégicas,"R$2.000.000,00","R$2.000.000,00","R$87.058,62",0.0,,2025,Janeiro
MS,MS - Apoio e Fomento ao Associativismo,"R$500.000,00","R$500.000,00","R$32.182,25",57.0,,2025,Fevereiro
MS,MS - Estratégia de Centralidade no Cliente,"R$2.500.000,00","R$2.500.000,00","R$36.885,86",0.0,,2025,Fevereiro
MS,MS - Fortalecimento do  Turismo Local,"R$2.026.279,00","R$2.026.279,00","R$20.659,86",0.0,,2025,Fevereiro
MS,MS - Impulsionamento da presença digital,"R$4.900.000,00","R$4.900.000,00","R$262.626,63",0.0,,2025,Fevereiro
MS,MS - Inova TI,"R$7.500.000,00","R$6.577.293,00","R$842.160,22",0.0,,2025,Fevereiro
MS,MS - Inovação e Negócios,"R$2.800.000,00","R$2.800.000,00","R$228.635,71",452.0,,2025,Fevereiro
MS,MS - Mercado Internacional,"R$1.000.000,00","R$0,00","R$0,00",0.0,,2025,Fevereiro
MS,MS - Parcerias Estratégicas,"R$2.000.000,00","R$3.000.000,00","R$626.452,44",0.0,,2025,Fevereiro
MS,MS - Apoio e Fomento ao Associativismo,"R$500.000,00","R$500.000,00","R$79.320,25",57.0,,2025,Março
MS,MS - Estratégia de Centralidade no Cliente,"R$2.500.000,00","R$2.500.000,00","R$220.522,92",0.0,,2025,Março
MS,MS - Fortalecimento do  Turismo Local,"R$2.026.279,00","R$2.026.279,00","R$346.952,34",0.0,,2025,Março
MS,MS - Impulsionamento da presença digital,"R$4.900.000,00","R$4.900.000,00","R$445.508,29",0.0,,2025,Março
MS,MS - Inova TI,"R$7.500.000,00","R$6.577.293,00","R$237.883,08",0.0,,2025,Março
MS,MS - Inovação e Negócios,"R$2.800.000,00","R$2.800.000,00","R$313.498,05",596.0,,2025,Março
MS,MS - Parcerias Estratégicas,"R$2.000.000,00","R$3.000.000,00","R$930.552,44",0.0,,2025,Março
MS,MS - Apoio e Fomento ao Associativismo,"R$500.000,00","R$500.000,00","R$98.968,25",57.0,,2025,Abril
MS,MS - Estratégia de Centralidade no Cliente,"R$2.500.000,00","R$2.500.000,00","R$512.815,59",0.0,,2025,Abril
MS,MS - Fortalecimento do  Turismo Local,"R$2.026.279,00","R$2.026.279,00","R$977.179,72",0.0,,2025,Abril
MS,MS - Impulsionamento da presença digital,"R$4.900.000,00","R$4.900.000,00","R$823.502,96",0.0,,2025,Abril
MS,MS - Inova TI,"R$7.500.000,00","R$754.361,00","R$586.340,47",0.0,,2025,Abril
MS,MS - Inovação e Negócios,"R$2.800.000,00","R$2.800.000,00","R$515.455,74",872.0,,2025,Abril
MS,MS - Parcerias Estratégicas,"R$2.000.000,00","R$3.000.000,00","R$1.305.906,40",220.0,,2025,Abril
MS,MS - Apoio e Fomento ao Associativismo,"R$500.000,00","R$500.000,00","R$141.757,25",57.0,,2025,Maio
MS,MS - Estratégia de Centralidade no Cliente,"R$2.500.000,00","R$2.500.000,00","R$715.782,52",2.0,,2025,Maio
MS,MS - Fortalecimento do  Turismo Local,"R$2.026.279,00","R$2.026.279,00","R$1.293.649,93",0.0,,2025,Maio
MS,MS - Impulsionamento da presença digital,"R$4.900.000,00","R$4.900.000,00","R$1.155.115,87",0.0,,2025,Maio
MS,MS - Inova TI,"R$7.500.000,00","R$754.361,00","R$634.291,01",0.0,,2025,Maio
MS,MS - Inovação e Negócios,"R$2.800.000,00","R$2.800.000,00","R$691.003,01",1.159,,2025,Maio
MS,MS - Parcerias Estratégicas,"R$2.000.000,00","R$3.200.000,00","R$2.042.104,77",529.0,,2025,Maio
MS,MS - Apoio e Fomento ao Associativismo,"R$500.000,00","R$500.000,00","R$191.731,25",57.0,,2025,Junho
MS,MS - Estratégia de Centralidade no Cliente,"R$2.500.000,00","R$2.500.000,00","R$1.338.247,30",3.0,,2025,Junho
MS,MS - Fortalecimento do  Turismo Local,"R$2.026.279,00","R$2.026.279,00","R$1.348.944,93",0.0,,2025,Junho
MS,MS - Impulsionamento da presença digital,"R$4.900.000,00","R$4.900.000,00","R$1.405.818,79",0.0,,2025,Junho
MS,MS - Inova TI,"R$7.500.000,00","R$754.361,00","R$670.841,78",0.0,,2025,Junho
MS,MS - Inovação e Negócios,"R$2.800.000,00","R$2.800.000,00","R$1.648.826,09",1.237,,2025,Junho
MS,MS - Parcerias Estratégicas,"R$2.000.000,00","R$3.200.000,00","R$2.509.830,06",475.0,,2025,Junho
MS,MS - Apoio e Fomento ao Associativismo,"R$500.000,00","R$500.000,00","R$231.421,25",57.0,,2025,Julho
MS,MS - Estratégia de Centralidade no Cliente,"R$2.500.000,00","R$3.500.000,00","R$2.300.251,97",47.0,,2025,Julho
MS,MS - Fortalecimento do  Turismo Local,"R$2.026.279,00","R$2.026.279,00","R$1.353.916,53",0.0,,2025,Julho
MS,MS - Impulsionamento da presença digital,"R$4.900.000,00","R$4.900.000,00","R$1.775.978,68",0.0,,2025,Julho
MS,MS - Inova TI,"R$7.500.000,00","R$2.096.428,00","R$1.189.461,82",0.0,,2025,Julho
MS,MS - Inovação e Negócios,"R$2.800.000,00","R$2.800.000,00","R$1.122.454,16",1.661,,2025,Julho
MS,MS - Parcerias Estratégicas,"R$2.000.000,00","R$5.000.000,00","R$2.983.661,46",622.0,,2025,Julho
MS,MS - Apoio e Fomento ao Associativismo,"R$500.000,00","R$500.000,00","R$231.421,25",57.0,,2025,Agosto
MS,MS - Estratégia de Centralidade no Cliente,"R$2.500.000,00","R$3.500.000,00","R$2.508.122,73",47.0,,2025,Agosto
MS,MS - Fortalecimento do  Turismo Local,"R$2.026.279,00","R$2.026.279,00","R$1.356.692,78",0.0,,2025,Agosto
MS,MS - Impulsionamento da presença digital,"R$4.900.000,00","R$4.900.000,00","R$1.857.856,95",0.0,,2025,Agosto
MS,MS - Inova TI,"R$7.500.000,00","R$2.096.428,00","R$1.225.449,84",0.0,,2025,Agosto
MS,MS - Inovação e Negócios,"R$2.800.000,00","R$2.800.000,00","R$1.330.800,51",1.995,,2025,Agosto
MS,MS - Parcerias Estratégicas,"R$2.000.000,00","R$5.000.000,00","R$3.069.979,86",370.0,,2025,Agosto
PA,PA - Al Investe Verde 2025,"R$1.550.000,00","R$1.550.000,00","R$0,00",0.0,,2025,Janeiro
PA,PA - Comunicação em Rede - PA,"R$3.500.000,00","R$3.500.000,00","R$435.730,72",0.0,,2025,Janeiro
PA,PA - COP 30 Pará,"R$6.000.000,00","R$6.000.000,00","R$66.815,59",0.0,,2025,Janeiro
PA,PA - Gestão da Estratégia Pará,"R$2.400.000,00","R$3.000.000,00","R$59.487,70",0.0,,2025,Janeiro
PA,PA - Sustenta Inova 2025,"R$600.000,00","R$600.000,00","R$248,00",0.0,,2025,Janeiro
PA,PA - Al Investe Verde 2025,"R$1.550.000,00","R$1.550.000,00","R$1.281,00",0.0,,2025,Fevereiro
PA,PA - Comunicação em Rede - PA,"R$3.500.000,00","R$3.500.000,00","R$1.064.941,33",0.0,,2025,Fevereiro
PA,PA - COP 30 Pará,"R$6.000.000,00","R$6.000.000,00","R$246.586,17",0.0,,2025,Fevereiro
PA,PA - Gestão da Estratégia Pará,"R$2.400.000,00","R$3.000.000,00","R$230.165,16",0.0,,2025,Fevereiro
PA,PA - Gestão de Soluções - PA,"R$700.000,00","R$700.000,00","R$40.297,04",0.0,,2025,Fevereiro
PA,PA - Sustenta Inova 2025,"R$600.000,00","R$1.341.530,00","R$2.048,00",3.0,,2025,Fevereiro
PA,PA - Al Investe Verde 2025,"R$1.550.000,00","R$1.550.000,00","R$1.281,00",0.0,,2025,Março
PA,PA - Comunicação em Rede - PA,"R$3.500.000,00","R$3.500.000,00","R$1.721.945,88",0.0,,2025,Março
PA,PA - COP 30 Pará,"R$6.000.000,00","R$6.000.000,00","R$1.187.698,05",25.0,,2025,Março
PA,PA - Gestão da Estratégia Pará,"R$2.400.000,00","R$3.720.000,00","R$353.189,24",0.0,,2025,Março
PA,PA - Gestão de Soluções - PA,"R$700.000,00","R$700.000,00","R$40.297,04",0.0,,2025,Março
PA,PA - Sustenta Inova 2025,"R$600.000,00","R$3.301.215,00","R$22.077,40",12.0,,2025,Março
PA,PA - Al Investe Verde 2025,"R$1.550.000,00","R$1.550.000,00","R$4.536,00",0.0,,2025,Abril
PA,PA - Comunicação em Rede - PA,"R$3.500.000,00","R$3.500.000,00","R$2.392.498,72",0.0,,2025,Abril
PA,PA - COP 30 Pará,"R$6.000.000,00","R$6.000.000,00","R$1.632.922,94",36.0,,2025,Abril
PA,PA - Gestão da Estratégia Pará,"R$2.400.000,00","R$4.920.000,00","R$1.000.722,77",0.0,,2025,Abril
PA,PA - Gestão de Soluções - PA,"R$700.000,00","R$700.000,00","R$75.270,98",0.0,,2025,Abril
PA,PA - Sustenta Inova 2025,"R$600.000,00","R$3.301.215,00","R$637.034,31",32.0,,2025,Abril
PA,PA - Al Investe Verde 2025,"R$1.550.000,00","R$1.550.000,00","R$49.924,80",0.0,,2025,Maio
PA,PA - Comunicação em Rede - PA,"R$3.500.000,00","R$3.500.000,00","R$3.043.831,71",0.0,,2025,Maio
PA,PA - COP 30 Pará,"R$6.000.000,00","R$6.000.000,00","R$2.771.276,55",455.0,,2025,Maio
PA,PA - Gestão da Estratégia Pará,"R$2.400.000,00","R$4.920.000,00","R$1.445.603,56",0.0,,2025,Maio
PA,PA - Gestão de Soluções - PA,"R$700.000,00","R$700.000,00","R$150.776,36",0.0,,2025,Maio
PA,PA - Sustenta Inova 2025,"R$600.000,00","R$3.301.215,00","R$683.823,29",93.0,,2025,Maio
PA,PA - Al Investe Verde 2025,"R$1.550.000,00","R$1.550.000,00","R$55.872,79",0.0,,2025,Junho
PA,PA - Comunicação em Rede - PA,"R$3.500.000,00","R$3.920.000,00","R$3.664.203,65",0.0,,2025,Junho
PA,PA - COP 30 Pará,"R$6.000.000,00","R$6.000.000,00","R$3.067.331,68",461.0,,2025,Junho
PA,PA - Gestão da Estratégia Pará,"R$2.400.000,00","R$4.503.000,00","R$2.794.991,20",0.0,,2025,Junho
PA,PA - Gestão de Soluções - PA,"R$700.000,00","R$700.000,00","R$233.039,10",0.0,,2025,Junho
PA,PA - Sustenta Inova 2025,"R$600.000,00","R$3.301.215,00","R$852.794,56",96.0,,2025,Junho
PA,PA - Al Investe Verde 2025,"R$1.550.000,00","R$1.550.000,00","R$120.170,17",0.0,,2025,Julho
PA,PA - Comunicação em Rede - PA,"R$3.500.000,00","R$4.320.000,00","R$3.931.383,53",0.0,,2025,Julho
PA,PA - COP 30 Pará,"R$6.000.000,00","R$6.000.000,00","R$3.696.788,10",608.0,,2025,Julho
PA,PA - Gestão da Estratégia Pará,"R$2.400.000,00","R$4.777.000,00","R$3.727.821,64",0.0,,2025,Julho
PA,PA - Gestão de Soluções - PA,"R$700.000,00","R$700.000,00","R$276.418,11",0.0,,2025,Julho
PA,PA - Sustenta Inova 2025,"R$600.000,00","R$10.290.779,00","R$936.929,26",129.0,,2025,Julho
PA,PA - Al Investe Verde 2025,"R$1.550.000,00","R$1.550.000,00","R$141.366,37",0.0,,2025,Agosto
PA,PA - Comunicação em Rede - PA,"R$3.500.000,00","R$4.320.000,00","R$3.956.141,03",0.0,,2025,Agosto
PA,PA - COP 30 Pará,"R$6.000.000,00","R$6.000.000,00","R$3.765.134,24",608.0,,2025,Agosto
PA,PA - Gestão da Estratégia Pará,"R$2.400.000,00","R$4.777.000,00","R$3.822.641,66",0.0,,2025,Agosto
PA,PA - Gestão de Soluções - PA,"R$700.000,00","R$700.000,00","R$276.418,11",0.0,,2025,Agosto
PA,PA - Sustenta Inova 2025,"R$600.000,00","R$10.290.779,00","R$2.547.762,94",129.0,,2025,Agosto
PA,PA - Al Investe Verde 2025,"R$12.400.000,00","R$12.400.000,00","R$374.432,13",0.0,,2025,Novembro
PR,PR - Ações locais Sebrae Paraná,"R$31.610.664,00","R$32.937.213,00","R$296.412,62",341.0,,2025,Janeiro
PR,PR - Ações locais Sebrae Paraná,"R$31.610.664,00","R$38.931.399,00","R$2.522.143,51",1.871,,2025,Fevereiro
PR,PR - Ações locais Sebrae Paraná,"R$31.610.664,00","R$38.724.904,00","R$4.070.520,97",2.828,,2025,Março
PR,PR - Ações locais Sebrae Paraná,"R$31.610.664,00","R$41.568.397,00","R$5.535.961,60",3.865,,2025,Abril
PR,PR - Ações locais Sebrae Paraná,"R$31.610.664,00","R$41.560.380,00","R$7.042.376,11",5.145,,2025,Maio
PR,PR - Ações locais Sebrae Paraná,"R$31.610.664,00","R$41.812.945,00","R$9.135.988,67",7.668,,2025,Junho
PR,PR - Ações locais Sebrae Paraná,"R$31.610.664,00","R$40.430.314,00","R$11.232.563,25",8.57,,2025,Julho
PR,PR - Ações locais Sebrae Paraná,"R$31.610.664,00","R$40.612.810,00","R$12.128.797,88",8.606,,2025,Agosto
PE,PE - Competitividade Pernambucana,"R$40.327.079,00","R$36.040.432,00","R$787.724,73",429.0,,2025,Janeiro
PE,PE - PE – Aplicação dos Propósitos Locais,"R$6.333.500,00","R$22.516.923,00","R$1.177.656,46",0.0,,2025,Janeiro
PE,PE - Competitividade Pernambucana,"R$40.327.079,00","R$31.760.006,00","R$1.559.182,85",2.335,,2025,Fevereiro
PE,PE - PE – Aplicação dos Propósitos Locais,"R$6.333.500,00","R$22.226.923,00","R$2.151.861,90",0.0,,2025,Fevereiro
PE,PE - Competitividade Pernambucana,"R$40.327.079,00","R$32.481.177,00","R$3.959.823,63",2.739,,2025,Março
PE,PE - PE – Aplicação dos Propósitos Locais,"R$6.333.500,00","R$22.936.292,00","R$2.880.446,09",0.0,,2025,Março
PE,PE - Competitividade Pernambucana,"R$40.327.079,00","R$32.506.649,00","R$6.163.043,46",4.444,,2025,Abril
PE,PE - PE – Aplicação dos Propósitos Locais,"R$6.333.500,00","R$23.086.409,00","R$3.976.050,07",0.0,,2025,Abril
PE,PE - Competitividade Pernambucana,"R$40.327.079,00","R$32.366.649,00","R$8.962.841,15",7.052,,2025,Maio
PE,PE - PE – Aplicação dos Propósitos Locais,"R$6.333.500,00","R$23.086.410,00","R$5.136.494,25",0.0,,2025,Maio
PE,PE - Competitividade Pernambucana,"R$40.327.079,00","R$30.073.410,00","R$10.930.282,01",8.95,,2025,Junho
PE,PE - PE – Aplicação dos Propósitos Locais,"R$6.333.500,00","R$21.361.139,00","R$5.823.458,74",88.0,,2025,Junho
PE,PE - Competitividade Pernambucana,"R$40.327.079,00","R$30.940.092,00","R$12.816.099,79",11.757,,2025,Julho
PE,PE - PE – Aplicação dos Propósitos Locais,"R$6.333.500,00","R$21.074.139,00","R$7.396.306,38",88.0,,2025,Julho
PE,PE - Competitividade Pernambucana,"R$40.327.079,00","R$31.140.092,00","R$14.299.362,61",12.331,,2025,Agosto
PE,PE - PE – Aplicação dos Propósitos Locais,"R$6.333.500,00","R$20.529.139,00","R$7.772.529,08",88.0,,2025,Agosto
RJ,RJ - Energia e Conexões Empresariais,"R$1.500.000,00","R$1.500.000,00","R$844,30",0.0,,2025,Fevereiro
RJ,RJ - Energia e Conexões Empresariais,"R$1.500.000,00","R$1.500.000,00","R$844,30",0.0,,2025,Março
RJ,RJ - Energia e Conexões Empresariais,"R$1.500.000,00","R$1.500.000,00","R$6.941,17",0.0,,2025,Abril
RJ,RJ - Energia e Conexões Empresariais,"R$1.500.000,00","R$1.500.000,00","R$7.930,17",0.0,,2025,Maio
RJ,RJ - Energia e Conexões Empresariais,"R$1.500.000,00","R$1.500.000,00","R$29.047,27",0.0,,2025,Junho
RJ,RJ - Energia e Conexões Empresariais,"R$1.500.000,00","R$1.500.000,00","R$61.420,28",0.0,,2025,Julho
RJ,RJ - Energia e Conexões Empresariais,"R$1.500.000,00","R$1.500.000,00","R$61.420,28",0.0,,2025,Agosto
SC,SC - Programa de Fortalecimento de Parcerias Estratégicas,"R$11.010.280,00","R$11.010.280,00","R$39.483,23",532.0,,2025,Janeiro
SC,SC - Programa de Fortalecimento de Parcerias Estratégicas,"R$11.010.280,00","R$11.010.280,00","R$414.026,33",759.0,,2025,Fevereiro
SC,SC - Programa de Fortalecimento de Parcerias Estratégicas,"R$11.010.280,00","R$11.168.101,00","R$825.901,64",769.0,,2025,Março
SC,SC - Programa de Fortalecimento de Parcerias Estratégicas,"R$11.010.280,00","R$10.618.101,00","R$1.292.630,25",784.0,,2025,Abril
SC,SC - Programa de Fortalecimento de Parcerias Estratégicas,"R$11.010.280,00","R$7.202.514,00","R$1.317.853,08",768.0,,2025,Maio
SC,SC - Programa de Fortalecimento de Parcerias Estratégicas,"R$11.010.280,00","R$7.118.104,00","R$1.481.828,11",787.0,,2025,Junho
SC,SC - Programa de Fortalecimento de Parcerias Estratégicas,"R$11.010.280,00","R$7.118.104,00","R$1.940.270,25",1.045,,2025,Julho
SC,SC - Programa de Fortalecimento de Parcerias Estratégicas,"R$11.010.280,00","R$7.118.104,00","R$2.201.348,54",1.045,,2025,Agosto
SP,SP - Competitividade do MEI,"R$6.747.333,00","R$6.747.333,00","R$223.497,61",0.0,,2025,Janeiro
SP,SP - Competitividade do MEI,"R$6.747.333,00","R$6.747.333,00","R$1.413.618,32",2.748,,2025,Fevereiro
SP,SP - Competitividade do MEI,"R$6.747.333,00","R$6.747.333,00","R$2.139.910,88",6.264,,2025,Março
SP,SP - Competitividade do MEI,"R$6.747.333,00","R$6.747.333,00","R$2.525.989,11",9.923,,2025,Abril
SP,SP - Competitividade do MEI,"R$6.747.333,00","R$6.747.333,00","R$2.787.846,73",20.896,,2025,Maio
SP,SP - Competitividade do MEI,"R$6.747.333,00","R$6.747.333,00","R$3.390.223,89",33.585,,2025,Junho
SP,SP - Competitividade do MEI,"R$6.747.333,00","R$8.070.995,00","R$3.534.034,69",41.874,,2025,Julho
SP,SP - Competitividade do MEI,"R$6.747.333,00","R$8.070.995,00","R$3.534.034,69",42.734,,2025,Agosto
TO,TO - Programa Rede Empreender,"R$2.618.143,00","R$2.618.143,00","R$523,73",0.0,,2025,Janeiro
TO,TO - Parcerias Institucionais,"R$8.020.000,00","R$8.020.000,00","R$0,00",0.0,,2025,Fevereiro
TO,TO - Programa Rede Empreender,"R$2.618.143,00","R$2.618.143,00","R$97.789,03",128.0,,2025,Fevereiro
TO,TO - Parcerias Institucionais,"R$8.020.000,00","R$7.910.000,00","R$0,00",0.0,,2025,Março
TO,TO - Programa Rede Empreender,"R$2.618.143,00","R$2.618.143,00","R$224.436,04",269.0,,2025,Março
TO,TO - Parcerias Institucionais,"R$8.020.000,00","R$7.910.000,00","R$0,00",0.0,,2025,Abril
TO,TO - Programa Rede Empreender,"R$2.618.143,00","R$2.618.143,00","R$311.094,81",463.0,,2025,Abril
TO,TO - Parcerias Institucionais,"R$8.020.000,00","R$7.445.974,00","R$0,00",0.0,,2025,Maio
TO,TO - Programa Rede Empreender,"R$2.618.143,00","R$2.618.143,00","R$663.818,04",742.0,,2025,Maio
TO,TO - Parcerias Institucionais,"R$8.020.000,00","R$7.445.974,00","R$30.911,10",0.0,,2025,Junho
TO,TO - Programa Rede Empreender,"R$2.618.143,00","R$2.618.143,00","R$883.499,36",1.243,,2025,Junho
TO,TO - Parcerias Institucionais,"R$8.020.000,00","R$7.445.974,00","R$36.978,13",0.0,,2025,Julho
TO,TO - Programa Rede Empreender,"R$2.618.143,00","R$2.498.143,00","R$1.080.358,30",1.622,,2025,Julho
TO,TO - Parcerias Institucionais,"R$8.020.000,00","R$9.580.592,00","R$37.642,33",0.0,,2025,Agosto
TO,TO - Programa Rede Empreender,"R$2.618.143,00","R$2.498.143,00","R$1.147.861,01",1.699,,2025,Agosto
