UF,Programa Local,Previsto Original em 2022,Previsto Ajustado em 2022,Despesa Executado em 2022,Total de Atendimentos em 2022,,Ano,Mes,Previsto Original em 2021,Previsto Ajustado em 2021,Despesa Executado em 2021,Total de Atendimentos em 2021,Previsto Original em 2020,Previsto Ajustado em 2020,Despesa Executado em 2020,Total de Atendimentos em 2020,Previsto Original em 2025,Previsto Ajustado em 2025,Despesa Executado em 2025,Total de Atendimentos em 2025,Previsto Original em 2024,Previsto Ajustado em 2024,Despesa Executado em 2024,Total de Atendimentos em 2024,Previsto Original em 2023,Previsto Ajustado em 2023,Despesa Executado em 2023,Total de Atendimentos em 2023,Previsto Original em 2015,Previsto Ajustado em 2015,Despesa Executado em 2015,Total de Atendimentos em 2015,Previsto Original em 2017,Previsto Ajustado em 2017,Despesa Executado em 2017,Total de Atendimentos em 2017,Previsto Original em 2016,Previsto Ajustado em 2016,Despesa Executado em 2016,Total de Atendimentos em 2016,Previsto Original em 2018,Previsto Ajustado em 2018,Despesa Executado em 2018,Total de Atendimentos em 2018
AC,Acesso a Mercados,"R$0,00","R$3.736.092,00","R$3.129.967,79",309,,2022,Novembro,nan,nan,nan,nan,nan,nan,nan,nan,nan,nan,nan,nan,nan,nan,nan,nan,nan,nan,nan,nan,nan,nan,nan,nan,nan,nan,nan,nan,nan,nan,nan,nan,nan,nan,nan,nan
AC,Gestão da Cultura e da Qualidade de Vida,"R$465.790,00","R$466.790,00","R$268.519,57",0,,2022,Novembro,nan,nan,nan,nan,nan,nan,nan,nan,nan,nan,nan,nan,nan,nan,nan,nan,nan,nan,nan,nan,nan,nan,nan,nan,nan,nan,nan,nan,nan,nan,nan,nan,nan,nan,nan,nan
AC,Acesso a Mercados,nan,nan,nan,nan,,2021,Novembro,"R$1.523.900,00","R$110.759,00","R$34.292,50",11,nan,nan,nan,nan,nan,nan,nan,nan,nan,nan,nan,nan,nan,nan,nan,nan,nan,nan,nan,nan,nan,nan,nan,nan,nan,nan,nan,nan,nan,nan,nan,nan
AC,Gestão da Cultura e da Qualidade de Vida,nan,nan,nan,nan,,2021,Novembro,"R$193.600,00","R$141.100,00","R$68.764,43",0,nan,nan,nan,nan,nan,nan,nan,nan,nan,nan,nan,nan,nan,nan,nan,nan,nan,nan,nan,nan,nan,nan,nan,nan,nan,nan,nan,nan,nan,nan,nan,nan
AC,Gestão da Cultura e da Qualidade de Vida,nan,nan,nan,nan,,2020,Novembro,nan,nan,nan,nan,"R$0,00","R$69.000,00","R$46.000,00",0,nan,nan,nan,nan,nan,nan,nan,nan,nan,nan,nan,nan,nan,nan,nan,nan,nan,nan,nan,nan,nan,nan,nan,nan,nan,nan,nan,nan
AL,AL - Programa Local - Articulação Rede de Parceiros para Competitividade com inovação,nan,nan,nan,nan,,2025,Janeiro,nan,nan,nan,nan,nan,nan,nan,nan,"R$4.103.519,00","R$4.103.519,00","R$8.254,28",0,nan,nan,nan,nan,nan,nan,nan,nan,nan,nan,nan,nan,nan,nan,nan,nan,nan,nan,nan,nan,nan,nan,nan,nan
AL,AL - Programa Local - Articulação Rede de Parceiros para Competitividade com inovação,nan,nan,nan,nan,,2025,Fevereiro,nan,nan,nan,nan,nan,nan,nan,nan,"R$4.103.519,00","R$4.103.519,00","R$20.714,28",0,nan,nan,nan,nan,nan,nan,nan,nan,nan,nan,nan,nan,nan,nan,nan,nan,nan,nan,nan,nan,nan,nan,nan,nan
AL,AL - Programa Local - Articulação Rede de Parceiros para Competitividade com inovação,nan,nan,nan,nan,,2025,Março,nan,nan,nan,nan,nan,nan,nan,nan,"R$4.103.519,00","R$4.103.519,00","R$47.106,64",0,nan,nan,nan,nan,nan,nan,nan,nan,nan,nan,nan,nan,nan,nan,nan,nan,nan,nan,nan,nan,nan,nan,nan,nan
AL,AL - Programa Local - Articulação Rede de Parceiros para Competitividade com inovação,nan,nan,nan,nan,,2025,Abril,nan,nan,nan,nan,nan,nan,nan,nan,"R$4.103.519,00","R$4.103.519,00","R$129.362,46",0,nan,nan,nan,nan,nan,nan,nan,nan,nan,nan,nan,nan,nan,nan,nan,nan,nan,nan,nan,nan,nan,nan,nan,nan
AL,AL - Programa Local - Articulação Rede de Parceiros para Competitividade com inovação,nan,nan,nan,nan,,2025,Maio,nan,nan,nan,nan,nan,nan,nan,nan,"R$4.103.519,00","R$4.438.107,00","R$334.292,29",0,nan,nan,nan,nan,nan,nan,nan,nan,nan,nan,nan,nan,nan,nan,nan,nan,nan,nan,nan,nan,nan,nan,nan,nan
AL,AL - Programa Local - Articulação Rede de Parceiros para Competitividade com inovação,nan,nan,nan,nan,,2025,Junho,nan,nan,nan,nan,nan,nan,nan,nan,"R$4.103.519,00","R$4.438.107,00","R$379.198,19",0,nan,nan,nan,nan,nan,nan,nan,nan,nan,nan,nan,nan,nan,nan,nan,nan,nan,nan,nan,nan,nan,nan,nan,nan
AL,AL - Programa Local - Articulação Rede de Parceiros para Competitividade com inovação,nan,nan,nan,nan,,2025,Julho,nan,nan,nan,nan,nan,nan,nan,nan,"R$4.103.519,00","R$4.438.107,00","R$577.107,16",0,nan,nan,nan,nan,nan,nan,nan,nan,nan,nan,nan,nan,nan,nan,nan,nan,nan,nan,nan,nan,nan,nan,nan,nan
AL,AL - Programa Local - Articulação Rede de Parceiros para Competitividade com inovação,nan,nan,nan,nan,,2025,Agosto,nan,nan,nan,nan,nan,nan,nan,nan,"R$4.103.519,00","R$4.438.107,00","R$988.729,78",0,nan,nan,nan,nan,nan,nan,nan,nan,nan,nan,nan,nan,nan,nan,nan,nan,nan,nan,nan,nan,nan,nan,nan,nan
AL,AL - AL - Programa Local - Articulação Rede de Parceiros para Competitividade com inovação,nan,nan,nan,nan,,2024,Novembro,nan,nan,nan,nan,nan,nan,nan,nan,nan,nan,nan,nan,"R$1.489.200,00","R$4.605.053,00","R$3.925.399,89",158,nan,nan,nan,nan,nan,nan,nan,nan,nan,nan,nan,nan,nan,nan,nan,nan,nan,nan,nan,nan
AL,AL - Programa Local - Articulação Rede de Parceiros para Competitividade com inovação,nan,nan,nan,nan,,2023,Novembro,nan,nan,nan,nan,nan,nan,nan,nan,nan,nan,nan,nan,nan,nan,nan,nan,"R$1.568.034,00","R$5.107.587,00","R$4.070.369,98",326,nan,nan,nan,nan,nan,nan,nan,nan,nan,nan,nan,nan,nan,nan,nan,nan
AL,Programas Locais - Alagoas,"R$0,00","R$6.701.401,00","R$5.154.968,34",2.657,,2022,Novembro,nan,nan,nan,nan,nan,nan,nan,nan,nan,nan,nan,nan,nan,nan,nan,nan,nan,nan,nan,nan,nan,nan,nan,nan,nan,nan,nan,nan,nan,nan,nan,nan,nan,nan,nan,nan
AM,AM - TECNOLOGIA DISRUPTIVA,nan,nan,nan,nan,,2025,Fevereiro,nan,nan,nan,nan,nan,nan,nan,nan,"R$864.000,00","R$864.000,00","R$0,00",0,nan,nan,nan,nan,nan,nan,nan,nan,nan,nan,nan,nan,nan,nan,nan,nan,nan,nan,nan,nan,nan,nan,nan,nan
AM,AM - TECNOLOGIA DISRUPTIVA,nan,nan,nan,nan,,2025,Março,nan,nan,nan,nan,nan,nan,nan,nan,"R$864.000,00","R$864.000,00","R$3.687,00",0,nan,nan,nan,nan,nan,nan,nan,nan,nan,nan,nan,nan,nan,nan,nan,nan,nan,nan,nan,nan,nan,nan,nan,nan
AM,AM - TECNOLOGIA DISRUPTIVA,nan,nan,nan,nan,,2025,Abril,nan,nan,nan,nan,nan,nan,nan,nan,"R$864.000,00","R$864.000,00","R$7.371,00",0,nan,nan,nan,nan,nan,nan,nan,nan,nan,nan,nan,nan,nan,nan,nan,nan,nan,nan,nan,nan,nan,nan,nan,nan
AM,AM - TECNOLOGIA DISRUPTIVA,nan,nan,nan,nan,,2025,Maio,nan,nan,nan,nan,nan,nan,nan,nan,"R$864.000,00","R$864.000,00","R$21.229,44",0,nan,nan,nan,nan,nan,nan,nan,nan,nan,nan,nan,nan,nan,nan,nan,nan,nan,nan,nan,nan,nan,nan,nan,nan
AM,AM - TECNOLOGIA DISRUPTIVA,nan,nan,nan,nan,,2025,Junho,nan,nan,nan,nan,nan,nan,nan,nan,"R$864.000,00","R$864.000,00","R$34.530,96",0,nan,nan,nan,nan,nan,nan,nan,nan,nan,nan,nan,nan,nan,nan,nan,nan,nan,nan,nan,nan,nan,nan,nan,nan
AM,AM - TECNOLOGIA DISRUPTIVA,nan,nan,nan,nan,,2025,Julho,nan,nan,nan,nan,nan,nan,nan,nan,"R$864.000,00","R$864.000,00","R$38.632,46",0,nan,nan,nan,nan,nan,nan,nan,nan,nan,nan,nan,nan,nan,nan,nan,nan,nan,nan,nan,nan,nan,nan,nan,nan
AM,AM - TECNOLOGIA DISRUPTIVA,nan,nan,nan,nan,,2025,Agosto,nan,nan,nan,nan,nan,nan,nan,nan,"R$864.000,00","R$864.000,00","R$38.632,46",0,nan,nan,nan,nan,nan,nan,nan,nan,nan,nan,nan,nan,nan,nan,nan,nan,nan,nan,nan,nan,nan,nan,nan,nan
AM,AM - Empreendedorismo nas Escolas e Universidades,nan,nan,nan,nan,,2024,Novembro,nan,nan,nan,nan,nan,nan,nan,nan,nan,nan,nan,nan,"R$1.097.000,00","R$879.000,00","R$633.041,28",25.222,nan,nan,nan,nan,nan,nan,nan,nan,nan,nan,nan,nan,nan,nan,nan,nan,nan,nan,nan,nan
AM,AM - FOMENTO AO CRÉDITO,nan,nan,nan,nan,,2024,Novembro,nan,nan,nan,nan,nan,nan,nan,nan,nan,nan,nan,nan,"R$1.889.320,00","R$1.856.320,00","R$1.687.636,63",17.341,nan,nan,nan,nan,nan,nan,nan,nan,nan,nan,nan,nan,nan,nan,nan,nan,nan,nan,nan,nan
AM,PGL - Sebrae + Ágil,nan,nan,nan,nan,,2023,Novembro,nan,nan,nan,nan,nan,nan,nan,nan,nan,nan,nan,nan,nan,nan,nan,nan,"R$7.136.689,00","R$9.196.700,00","R$8.090.115,21",0,nan,nan,nan,nan,nan,nan,nan,nan,nan,nan,nan,nan,nan,nan,nan,nan
AM,PGL-Parceria com a AFEAM,nan,nan,nan,nan,,2023,Novembro,nan,nan,nan,nan,nan,nan,nan,nan,nan,nan,nan,nan,nan,nan,nan,nan,"R$1.592.500,00","R$1.568.500,00","R$1.485.426,84",16.083,nan,nan,nan,nan,nan,nan,nan,nan,nan,nan,nan,nan,nan,nan,nan,nan
AM,Capital Humano e Clima Organizacional,"R$2.801.000,00","R$3.630.474,00","R$2.999.863,73",0,,2022,Novembro,nan,nan,nan,nan,nan,nan,nan,nan,nan,nan,nan,nan,nan,nan,nan,nan,nan,nan,nan,nan,nan,nan,nan,nan,nan,nan,nan,nan,nan,nan,nan,nan,nan,nan,nan,nan
AM,"Fábrica de conteúdo, dados, produtos e serviços","R$0,00","R$548.692,00","R$402.744,50",0,,2022,Novembro,nan,nan,nan,nan,nan,nan,nan,nan,nan,nan,nan,nan,nan,nan,nan,nan,nan,nan,nan,nan,nan,nan,nan,nan,nan,nan,nan,nan,nan,nan,nan,nan,nan,nan,nan,nan
AM,PG Parceria com a AFEAM,"R$0,00","R$1.599.000,00","R$1.449.368,13",13.154,,2022,Novembro,nan,nan,nan,nan,nan,nan,nan,nan,nan,nan,nan,nan,nan,nan,nan,nan,nan,nan,nan,nan,nan,nan,nan,nan,nan,nan,nan,nan,nan,nan,nan,nan,nan,nan,nan,nan
AM,Capital Humano e Clima Organizacional,nan,nan,nan,nan,,2021,Novembro,"R$23.749.544,00","R$24.411.142,00","R$23.786.604,61",0,nan,nan,nan,nan,nan,nan,nan,nan,nan,nan,nan,nan,nan,nan,nan,nan,nan,nan,nan,nan,nan,nan,nan,nan,nan,nan,nan,nan,nan,nan,nan,nan
AM,Competitividade e Mercado,nan,nan,nan,nan,,2021,Novembro,"R$395.000,00","R$980.300,00","R$633.410,73",8.303,nan,nan,nan,nan,nan,nan,nan,nan,nan,nan,nan,nan,nan,nan,nan,nan,nan,nan,nan,nan,nan,nan,nan,nan,nan,nan,nan,nan,nan,nan,nan,nan
AM,Eficiência financeira,nan,nan,nan,nan,,2021,Novembro,"R$12.275.278,00","R$16.011.573,00","R$11.461.495,35",0,nan,nan,nan,nan,nan,nan,nan,nan,nan,nan,nan,nan,nan,nan,nan,nan,nan,nan,nan,nan,nan,nan,nan,nan,nan,nan,nan,nan,nan,nan,nan,nan
AM,Eficiência operacional do Sebrae-Am,nan,nan,nan,nan,,2021,Novembro,"R$3.702.145,00","R$5.356.080,00","R$3.155.849,20",0,nan,nan,nan,nan,nan,nan,nan,nan,nan,nan,nan,nan,nan,nan,nan,nan,nan,nan,nan,nan,nan,nan,nan,nan,nan,nan,nan,nan,nan,nan,nan,nan
AM,"Fábrica de conteúdo, dados, produtos e serviços",nan,nan,nan,nan,,2021,Novembro,"R$1.139.000,00","R$1.143.000,00","R$443.561,12",0,nan,nan,nan,nan,nan,nan,nan,nan,nan,nan,nan,nan,nan,nan,nan,nan,nan,nan,nan,nan,nan,nan,nan,nan,nan,nan,nan,nan,nan,nan,nan,nan
AM,Informações qualificadas,nan,nan,nan,nan,,2021,Novembro,"R$377.250,00","R$272.750,00","R$200.136,77",0,nan,nan,nan,nan,nan,nan,nan,nan,nan,nan,nan,nan,nan,nan,nan,nan,nan,nan,nan,nan,nan,nan,nan,nan,nan,nan,nan,nan,nan,nan,nan,nan
AM,Capital Humano e Clima Organizacional,nan,nan,nan,nan,,2020,Novembro,nan,nan,nan,nan,"R$30.804.501,00","R$29.472.372,00","R$26.305.713,32",0,nan,nan,nan,nan,nan,nan,nan,nan,nan,nan,nan,nan,nan,nan,nan,nan,nan,nan,nan,nan,nan,nan,nan,nan,nan,nan,nan,nan
AM,Competitividade e Mercado,nan,nan,nan,nan,,2020,Novembro,nan,nan,nan,nan,"R$118.900,00","R$353.614,00","R$44.007,13",648,nan,nan,nan,nan,nan,nan,nan,nan,nan,nan,nan,nan,nan,nan,nan,nan,nan,nan,nan,nan,nan,nan,nan,nan,nan,nan,nan,nan
AM,Eficiência financeira,nan,nan,nan,nan,,2020,Novembro,nan,nan,nan,nan,"R$7.712.847,00","R$5.893.162,00","R$3.652.618,77",0,nan,nan,nan,nan,nan,nan,nan,nan,nan,nan,nan,nan,nan,nan,nan,nan,nan,nan,nan,nan,nan,nan,nan,nan,nan,nan,nan,nan
AM,Eficiência operacional do Sebrae-Am,nan,nan,nan,nan,,2020,Novembro,nan,nan,nan,nan,"R$7.660.681,00","R$12.393.285,00","R$10.930.981,39",0,nan,nan,nan,nan,nan,nan,nan,nan,nan,nan,nan,nan,nan,nan,nan,nan,nan,nan,nan,nan,nan,nan,nan,nan,nan,nan,nan,nan
AM,"Fábrica de conteúdo, dados, produtos e serviços",nan,nan,nan,nan,,2020,Novembro,nan,nan,nan,nan,"R$1.364.960,00","R$1.306.433,00","R$891.842,56",579,nan,nan,nan,nan,nan,nan,nan,nan,nan,nan,nan,nan,nan,nan,nan,nan,nan,nan,nan,nan,nan,nan,nan,nan,nan,nan,nan,nan
BA,BA - Programa Local UPEMI 2025,nan,nan,nan,nan,,2025,Janeiro,nan,nan,nan,nan,nan,nan,nan,nan,"R$5.505.343,00","R$5.505.343,00","R$3.096,54",18,nan,nan,nan,nan,nan,nan,nan,nan,nan,nan,nan,nan,nan,nan,nan,nan,nan,nan,nan,nan,nan,nan,nan,nan
BA,BA - Programa Local UPEMI 2025,nan,nan,nan,nan,,2025,Fevereiro,nan,nan,nan,nan,nan,nan,nan,nan,"R$5.505.343,00","R$5.505.343,00","R$116.675,65",18,nan,nan,nan,nan,nan,nan,nan,nan,nan,nan,nan,nan,nan,nan,nan,nan,nan,nan,nan,nan,nan,nan,nan,nan
BA,BA - Programa Local UPEMI 2025,nan,nan,nan,nan,,2025,Março,nan,nan,nan,nan,nan,nan,nan,nan,"R$5.505.343,00","R$5.141.627,00","R$158.354,02",18,nan,nan,nan,nan,nan,nan,nan,nan,nan,nan,nan,nan,nan,nan,nan,nan,nan,nan,nan,nan,nan,nan,nan,nan
BA,BA - Programa Local UPEMI 2025,nan,nan,nan,nan,,2025,Abril,nan,nan,nan,nan,nan,nan,nan,nan,"R$5.505.343,00","R$5.009.452,00","R$257.385,84",18,nan,nan,nan,nan,nan,nan,nan,nan,nan,nan,nan,nan,nan,nan,nan,nan,nan,nan,nan,nan,nan,nan,nan,nan
BA,BA - Programa Local UPEMI 2025,nan,nan,nan,nan,,2025,Maio,nan,nan,nan,nan,nan,nan,nan,nan,"R$5.505.343,00","R$5.009.452,00","R$426.398,98",45,nan,nan,nan,nan,nan,nan,nan,nan,nan,nan,nan,nan,nan,nan,nan,nan,nan,nan,nan,nan,nan,nan,nan,nan
BA,BA - Programa Local UPEMI 2025,nan,nan,nan,nan,,2025,Junho,nan,nan,nan,nan,nan,nan,nan,nan,"R$5.505.343,00","R$5.009.452,00","R$535.408,89",52,nan,nan,nan,nan,nan,nan,nan,nan,nan,nan,nan,nan,nan,nan,nan,nan,nan,nan,nan,nan,nan,nan,nan,nan
BA,BA - Programa Local UPEMI 2025,nan,nan,nan,nan,,2025,Julho,nan,nan,nan,nan,nan,nan,nan,nan,"R$5.505.343,00","R$6.509.452,00","R$662.752,02",58,nan,nan,nan,nan,nan,nan,nan,nan,nan,nan,nan,nan,nan,nan,nan,nan,nan,nan,nan,nan,nan,nan,nan,nan
BA,BA - Programa Local UPEMI 2025,nan,nan,nan,nan,,2025,Agosto,nan,nan,nan,nan,nan,nan,nan,nan,"R$5.505.343,00","R$6.509.452,00","R$714.252,06",58,nan,nan,nan,nan,nan,nan,nan,nan,nan,nan,nan,nan,nan,nan,nan,nan,nan,nan,nan,nan,nan,nan,nan,nan
BA,BA - Programa Local UAC,nan,nan,nan,nan,,2024,Novembro,nan,nan,nan,nan,nan,nan,nan,nan,nan,nan,nan,nan,"R$2.224.000,00","R$2.742.000,00","R$2.671.595,58",0,nan,nan,nan,nan,nan,nan,nan,nan,nan,nan,nan,nan,nan,nan,nan,nan,nan,nan,nan,nan
BA,BA - Programa Local UPEMI,nan,nan,nan,nan,,2024,Novembro,nan,nan,nan,nan,nan,nan,nan,nan,nan,nan,nan,nan,"R$2.279.859,00","R$5.320.110,00","R$2.110.835,98",791,nan,nan,nan,nan,nan,nan,nan,nan,nan,nan,nan,nan,nan,nan,nan,nan,nan,nan,nan,nan
BA,BA - Programa Local USUP,nan,nan,nan,nan,,2024,Novembro,nan,nan,nan,nan,nan,nan,nan,nan,nan,nan,nan,nan,"R$16.196.860,00","R$3.616.645,00","R$2.617.606,56",0,nan,nan,nan,nan,nan,nan,nan,nan,nan,nan,nan,nan,nan,nan,nan,nan,nan,nan,nan,nan
BA,Programa Local Atendimento Coletivo,nan,nan,nan,nan,,2023,Novembro,nan,nan,nan,nan,nan,nan,nan,nan,nan,nan,nan,nan,nan,nan,nan,nan,"R$2.300.000,00","R$1.600.000,00","R$393.929,22",0,nan,nan,nan,nan,nan,nan,nan,nan,nan,nan,nan,nan,nan,nan,nan,nan
BA,"Programa Local Projetos Especiais, Mercado e Internacionalização",nan,nan,nan,nan,,2023,Novembro,nan,nan,nan,nan,nan,nan,nan,nan,nan,nan,nan,nan,nan,nan,nan,nan,"R$7.481.021,00","R$5.913.238,00","R$3.493.645,89",149,nan,nan,nan,nan,nan,nan,nan,nan,nan,nan,nan,nan,nan,nan,nan,nan
BA,BAHIA Programa Local Articulação Institucional,"R$2.471.315,00","R$3.755.084,00","R$1.949.265,40",0,,2022,Novembro,nan,nan,nan,nan,nan,nan,nan,nan,nan,nan,nan,nan,nan,nan,nan,nan,nan,nan,nan,nan,nan,nan,nan,nan,nan,nan,nan,nan,nan,nan,nan,nan,nan,nan,nan,nan
BA,BAHIA Programa Local Atendimento Coletivo,"R$9.620.897,00","R$10.628.881,00","R$8.813.485,17",14.664,,2022,Novembro,nan,nan,nan,nan,nan,nan,nan,nan,nan,nan,nan,nan,nan,nan,nan,nan,nan,nan,nan,nan,nan,nan,nan,nan,nan,nan,nan,nan,nan,nan,nan,nan,nan,nan,nan,nan
BA,BAHIA Programa Local Desenvolvimento e Gestão de Produtos e Serviços,"R$1.860.826,00","R$3.476.906,00","R$2.355.189,97",0,,2022,Novembro,nan,nan,nan,nan,nan,nan,nan,nan,nan,nan,nan,nan,nan,nan,nan,nan,nan,nan,nan,nan,nan,nan,nan,nan,nan,nan,nan,nan,nan,nan,nan,nan,nan,nan,nan,nan
BA,BAHIA Programa Local Planejamento Estratégico de Tecnologia da Informação,"R$2.291.040,00","R$3.329.458,00","R$2.506.585,69",0,,2022,Novembro,nan,nan,nan,nan,nan,nan,nan,nan,nan,nan,nan,nan,nan,nan,nan,nan,nan,nan,nan,nan,nan,nan,nan,nan,nan,nan,nan,nan,nan,nan,nan,nan,nan,nan,nan,nan
BA,"BAHIA Programa Local Projetos Especiais, Mercado e Internacionalização","R$11.276.017,00","R$8.543.198,00","R$532.070,46",0,,2022,Novembro,nan,nan,nan,nan,nan,nan,nan,nan,nan,nan,nan,nan,nan,nan,nan,nan,nan,nan,nan,nan,nan,nan,nan,nan,nan,nan,nan,nan,nan,nan,nan,nan,nan,nan,nan,nan
CE,CEARÁ | Programa de Inovação e Transformação Digital,nan,nan,nan,nan,,2023,Novembro,nan,nan,nan,nan,nan,nan,nan,nan,nan,nan,nan,nan,nan,nan,nan,nan,"R$3.288.270,00","R$3.091.201,00","R$533.831,98",0,nan,nan,nan,nan,nan,nan,nan,nan,nan,nan,nan,nan,nan,nan,nan,nan
CE,CEARÁ | Programa de Inovação e Transformação Digital,"R$3.450.000,00","R$4.525.425,00","R$2.705.279,99",0,,2022,Novembro,nan,nan,nan,nan,nan,nan,nan,nan,nan,nan,nan,nan,nan,nan,nan,nan,nan,nan,nan,nan,nan,nan,nan,nan,nan,nan,nan,nan,nan,nan,nan,nan,nan,nan,nan,nan
CE,MPE Brasil - Prêmio de Competitividade para MPE,nan,nan,nan,nan,,2015,Novembro,nan,nan,nan,nan,nan,nan,nan,nan,nan,nan,nan,nan,nan,nan,nan,nan,nan,nan,nan,nan,"R$138.000,00","R$89.030,00","R$40.624,69",45,nan,nan,nan,nan,nan,nan,nan,nan,nan,nan,nan,nan
CE,POLO MODA CEARÁ,nan,nan,nan,nan,,2015,Novembro,nan,nan,nan,nan,nan,nan,nan,nan,nan,nan,nan,nan,nan,nan,nan,nan,nan,nan,nan,nan,"R$1.450.000,00","R$722.180,00","R$319.347,21",175,nan,nan,nan,nan,nan,nan,nan,nan,nan,nan,nan,nan
CE,Programa SEBRAE de Artesanato do Estado do Ceará,nan,nan,nan,nan,,2015,Novembro,nan,nan,nan,nan,nan,nan,nan,nan,nan,nan,nan,nan,nan,nan,nan,nan,nan,nan,nan,nan,"R$3.273.852,00","R$1.002.875,00","R$782.196,25",1.538,nan,nan,nan,nan,nan,nan,nan,nan,nan,nan,nan,nan
CE,SELO DE QUALIDADE EM SERVIÇOS,nan,nan,nan,nan,,2015,Novembro,nan,nan,nan,nan,nan,nan,nan,nan,nan,nan,nan,nan,nan,nan,nan,nan,nan,nan,nan,nan,"R$988.690,00","R$797.600,00","R$154.409,14",286,nan,nan,nan,nan,nan,nan,nan,nan,nan,nan,nan,nan
DF,DF - Potencialização do Atendimento Especializado - GENER-GAPE-AGEP,nan,nan,nan,nan,,2023,Novembro,nan,nan,nan,nan,nan,nan,nan,nan,nan,nan,nan,nan,nan,nan,nan,nan,"R$4.128.000,00","R$2.266.826,00","R$2.135.296,47",0,nan,nan,nan,nan,nan,nan,nan,nan,nan,nan,nan,nan,nan,nan,nan,nan
DF,DF - Potencialização do Atendimento Especializado,"R$7.479.390,00","R$4.786.224,00","R$3.114.158,77",103,,2022,Novembro,nan,nan,nan,nan,nan,nan,nan,nan,nan,nan,nan,nan,nan,nan,nan,nan,nan,nan,nan,nan,nan,nan,nan,nan,nan,nan,nan,nan,nan,nan,nan,nan,nan,nan,nan,nan
ES,ES - Modernização da Gestão e Fortalecimento Institucional do SEBRAE/ES,nan,nan,nan,nan,,2025,Janeiro,nan,nan,nan,nan,nan,nan,nan,nan,"R$7.990.000,00","R$7.847.375,00","R$264.944,75",0,nan,nan,nan,nan,nan,nan,nan,nan,nan,nan,nan,nan,nan,nan,nan,nan,nan,nan,nan,nan,nan,nan,nan,nan
ES,ES - Modernização da Gestão e Fortalecimento Institucional do SEBRAE/ES,nan,nan,nan,nan,,2025,Fevereiro,nan,nan,nan,nan,nan,nan,nan,nan,"R$7.990.000,00","R$8.014.029,00","R$462.164,34",0,nan,nan,nan,nan,nan,nan,nan,nan,nan,nan,nan,nan,nan,nan,nan,nan,nan,nan,nan,nan,nan,nan,nan,nan
ES,ES - Modernização da Gestão e Fortalecimento Institucional do SEBRAE/ES,nan,nan,nan,nan,,2025,Março,nan,nan,nan,nan,nan,nan,nan,nan,"R$7.990.000,00","R$8.286.349,00","R$687.059,34",0,nan,nan,nan,nan,nan,nan,nan,nan,nan,nan,nan,nan,nan,nan,nan,nan,nan,nan,nan,nan,nan,nan,nan,nan
ES,ES - Modernização da Gestão e Fortalecimento Institucional do SEBRAE/ES,nan,nan,nan,nan,,2025,Abril,nan,nan,nan,nan,nan,nan,nan,nan,"R$7.990.000,00","R$8.287.273,00","R$1.026.382,76",0,nan,nan,nan,nan,nan,nan,nan,nan,nan,nan,nan,nan,nan,nan,nan,nan,nan,nan,nan,nan,nan,nan,nan,nan
ES,ES - Modernização da Gestão e Fortalecimento Institucional do SEBRAE/ES,nan,nan,nan,nan,,2025,Maio,nan,nan,nan,nan,nan,nan,nan,nan,"R$7.990.000,00","R$8.287.273,00","R$1.391.864,86",0,nan,nan,nan,nan,nan,nan,nan,nan,nan,nan,nan,nan,nan,nan,nan,nan,nan,nan,nan,nan,nan,nan,nan,nan
ES,ES - Modernização da Gestão e Fortalecimento Institucional do SEBRAE/ES,nan,nan,nan,nan,,2025,Junho,nan,nan,nan,nan,nan,nan,nan,nan,"R$7.990.000,00","R$8.552.573,00","R$1.719.750,51",0,nan,nan,nan,nan,nan,nan,nan,nan,nan,nan,nan,nan,nan,nan,nan,nan,nan,nan,nan,nan,nan,nan,nan,nan
ES,ES - Modernização da Gestão e Fortalecimento Institucional do SEBRAE/ES,nan,nan,nan,nan,,2025,Julho,nan,nan,nan,nan,nan,nan,nan,nan,"R$7.990.000,00","R$7.197.573,00","R$2.269.251,90",0,nan,nan,nan,nan,nan,nan,nan,nan,nan,nan,nan,nan,nan,nan,nan,nan,nan,nan,nan,nan,nan,nan,nan,nan
ES,ES - Modernização da Gestão e Fortalecimento Institucional do SEBRAE/ES,nan,nan,nan,nan,,2025,Agosto,nan,nan,nan,nan,nan,nan,nan,nan,"R$7.990.000,00","R$9.346.543,00","R$2.751.948,52",0,nan,nan,nan,nan,nan,nan,nan,nan,nan,nan,nan,nan,nan,nan,nan,nan,nan,nan,nan,nan,nan,nan,nan,nan
ES,ES - Modernização da Gestão e Fortalecimento Institucional do SEBRAE/ES,nan,nan,nan,nan,,2024,Novembro,nan,nan,nan,nan,nan,nan,nan,nan,nan,nan,nan,nan,"R$5.384.885,00","R$6.057.930,00","R$3.965.342,15",4,nan,nan,nan,nan,nan,nan,nan,nan,nan,nan,nan,nan,nan,nan,nan,nan,nan,nan,nan,nan
ES,PROGRAMA LOCAL - Modernização da Gestão e Fortalecimento Institucional do Sebrae/ES,nan,nan,nan,nan,,2023,Novembro,nan,nan,nan,nan,nan,nan,nan,nan,nan,nan,nan,nan,nan,nan,nan,nan,"R$10.869.336,00","R$10.982.622,00","R$8.438.463,83",44,nan,nan,nan,nan,nan,nan,nan,nan,nan,nan,nan,nan,nan,nan,nan,nan
ES,Modernização de Gestão SEBRAE/ES,"R$7.056.991,00","R$7.140.543,00","R$5.643.075,73",0,,2022,Novembro,nan,nan,nan,nan,nan,nan,nan,nan,nan,nan,nan,nan,nan,nan,nan,nan,nan,nan,nan,nan,nan,nan,nan,nan,nan,nan,nan,nan,nan,nan,nan,nan,nan,nan,nan,nan
ES,Modernização de Gestão SEBRAE/ES,nan,nan,nan,nan,,2021,Novembro,"R$1.500.703,00","R$1.432.695,00","R$820.536,05",0,nan,nan,nan,nan,nan,nan,nan,nan,nan,nan,nan,nan,nan,nan,nan,nan,nan,nan,nan,nan,nan,nan,nan,nan,nan,nan,nan,nan,nan,nan,nan,nan
GO,GO - Programa Local de Atendimento,nan,nan,nan,nan,,2025,Janeiro,nan,nan,nan,nan,nan,nan,nan,nan,"R$14.961.780,00","R$18.205.731,00","R$638.665,72",530,nan,nan,nan,nan,nan,nan,nan,nan,nan,nan,nan,nan,nan,nan,nan,nan,nan,nan,nan,nan,nan,nan,nan,nan
GO,GO - Programa Local de Inovação,nan,nan,nan,nan,,2025,Janeiro,nan,nan,nan,nan,nan,nan,nan,nan,"R$712.306,00","R$869.899,00","R$0,00",0,nan,nan,nan,nan,nan,nan,nan,nan,nan,nan,nan,nan,nan,nan,nan,nan,nan,nan,nan,nan,nan,nan,nan,nan
GO,GO - Programa Local de Atendimento,nan,nan,nan,nan,,2025,Fevereiro,nan,nan,nan,nan,nan,nan,nan,nan,"R$14.961.780,00","R$16.805.731,00","R$1.376.534,67",1.160,nan,nan,nan,nan,nan,nan,nan,nan,nan,nan,nan,nan,nan,nan,nan,nan,nan,nan,nan,nan,nan,nan,nan,nan
GO,GO - Programa Local de Inovação,nan,nan,nan,nan,,2025,Fevereiro,nan,nan,nan,nan,nan,nan,nan,nan,"R$712.306,00","R$869.899,00","R$0,00",0,nan,nan,nan,nan,nan,nan,nan,nan,nan,nan,nan,nan,nan,nan,nan,nan,nan,nan,nan,nan,nan,nan,nan,nan
GO,GO - Programa Local de Atendimento,nan,nan,nan,nan,,2025,Março,nan,nan,nan,nan,nan,nan,nan,nan,"R$14.961.780,00","R$16.930.731,00","R$1.609.459,93",2.651,nan,nan,nan,nan,nan,nan,nan,nan,nan,nan,nan,nan,nan,nan,nan,nan,nan,nan,nan,nan,nan,nan,nan,nan
GO,GO - Programa Local de Inovação,nan,nan,nan,nan,,2025,Março,nan,nan,nan,nan,nan,nan,nan,nan,"R$712.306,00","R$869.899,00","R$5.735,35",0,nan,nan,nan,nan,nan,nan,nan,nan,nan,nan,nan,nan,nan,nan,nan,nan,nan,nan,nan,nan,nan,nan,nan,nan
GO,GO - Programa Local de Atendimento,nan,nan,nan,nan,,2025,Abril,nan,nan,nan,nan,nan,nan,nan,nan,"R$14.961.780,00","R$16.930.731,00","R$3.507.351,44",5.963,nan,nan,nan,nan,nan,nan,nan,nan,nan,nan,nan,nan,nan,nan,nan,nan,nan,nan,nan,nan,nan,nan,nan,nan
GO,GO - Programa Local de Inovação,nan,nan,nan,nan,,2025,Abril,nan,nan,nan,nan,nan,nan,nan,nan,"R$712.306,00","R$1.437.179,00","R$122.262,59",20,nan,nan,nan,nan,nan,nan,nan,nan,nan,nan,nan,nan,nan,nan,nan,nan,nan,nan,nan,nan,nan,nan,nan,nan
GO,GO - Programa Local de Atendimento,nan,nan,nan,nan,,2025,Maio,nan,nan,nan,nan,nan,nan,nan,nan,"R$14.961.780,00","R$16.526.451,00","R$4.904.242,46",7.201,nan,nan,nan,nan,nan,nan,nan,nan,nan,nan,nan,nan,nan,nan,nan,nan,nan,nan,nan,nan,nan,nan,nan,nan
GO,GO - Programa Local de Inovação,nan,nan,nan,nan,,2025,Maio,nan,nan,nan,nan,nan,nan,nan,nan,"R$712.306,00","R$1.680.299,00","R$285.423,78",55,nan,nan,nan,nan,nan,nan,nan,nan,nan,nan,nan,nan,nan,nan,nan,nan,nan,nan,nan,nan,nan,nan,nan,nan
GO,GO - Programa Local de Atendimento,nan,nan,nan,nan,,2025,Junho,nan,nan,nan,nan,nan,nan,nan,nan,"R$14.961.780,00","R$15.630.459,00","R$5.570.753,90",9.256,nan,nan,nan,nan,nan,nan,nan,nan,nan,nan,nan,nan,nan,nan,nan,nan,nan,nan,nan,nan,nan,nan,nan,nan
GO,GO - Programa Local de Inovação,nan,nan,nan,nan,,2025,Junho,nan,nan,nan,nan,nan,nan,nan,nan,"R$712.306,00","R$1.680.299,00","R$384.462,53",177,nan,nan,nan,nan,nan,nan,nan,nan,nan,nan,nan,nan,nan,nan,nan,nan,nan,nan,nan,nan,nan,nan,nan,nan
GO,GO - Programa Local de Atendimento,nan,nan,nan,nan,,2025,Julho,nan,nan,nan,nan,nan,nan,nan,nan,"R$14.961.780,00","R$15.733.459,00","R$6.781.063,17",9.851,nan,nan,nan,nan,nan,nan,nan,nan,nan,nan,nan,nan,nan,nan,nan,nan,nan,nan,nan,nan,nan,nan,nan,nan
GO,GO - Programa Local de Inovação,nan,nan,nan,nan,,2025,Julho,nan,nan,nan,nan,nan,nan,nan,nan,"R$712.306,00","R$1.680.299,00","R$455.775,59",180,nan,nan,nan,nan,nan,nan,nan,nan,nan,nan,nan,nan,nan,nan,nan,nan,nan,nan,nan,nan,nan,nan,nan,nan
GO,GO - Programa Local de Atendimento,nan,nan,nan,nan,,2025,Agosto,nan,nan,nan,nan,nan,nan,nan,nan,"R$14.961.780,00","R$15.741.459,00","R$7.059.809,74",10.000,nan,nan,nan,nan,nan,nan,nan,nan,nan,nan,nan,nan,nan,nan,nan,nan,nan,nan,nan,nan,nan,nan,nan,nan
GO,GO - Programa Local de Inovação,nan,nan,nan,nan,,2025,Agosto,nan,nan,nan,nan,nan,nan,nan,nan,"R$712.306,00","R$1.680.299,00","R$501.821,86",236,nan,nan,nan,nan,nan,nan,nan,nan,nan,nan,nan,nan,nan,nan,nan,nan,nan,nan,nan,nan,nan,nan,nan,nan
GO,GO - Programa Local de Atendimento,nan,nan,nan,nan,,2024,Novembro,nan,nan,nan,nan,nan,nan,nan,nan,nan,nan,nan,nan,"R$20.460.185,00","R$13.527.741,00","R$9.696.161,25",13.197,nan,nan,nan,nan,nan,nan,nan,nan,nan,nan,nan,nan,nan,nan,nan,nan,nan,nan,nan,nan
GO,GO - Programa Local de Inovação,nan,nan,nan,nan,,2024,Novembro,nan,nan,nan,nan,nan,nan,nan,nan,nan,nan,nan,nan,"R$589.600,00","R$1.238.174,00","R$802.700,20",959,nan,nan,nan,nan,nan,nan,nan,nan,nan,nan,nan,nan,nan,nan,nan,nan,nan,nan,nan,nan
GO,Programa Local de Atendimento,nan,nan,nan,nan,,2023,Novembro,nan,nan,nan,nan,nan,nan,nan,nan,nan,nan,nan,nan,nan,nan,nan,nan,"R$23.924.650,00","R$19.605.978,00","R$17.052.797,90",17.641,nan,nan,nan,nan,nan,nan,nan,nan,nan,nan,nan,nan,nan,nan,nan,nan
GO,Programa Local - Atendimento ao cliente,"R$0,00","R$6.146.319,00","R$5.644.083,92",3.506,,2022,Novembro,nan,nan,nan,nan,nan,nan,nan,nan,nan,nan,nan,nan,nan,nan,nan,nan,nan,nan,nan,nan,nan,nan,nan,nan,nan,nan,nan,nan,nan,nan,nan,nan,nan,nan,nan,nan
GO,Programa de Atendimento Individual,nan,nan,nan,nan,,2017,Novembro,nan,nan,nan,nan,nan,nan,nan,nan,nan,nan,nan,nan,nan,nan,nan,nan,nan,nan,nan,nan,nan,nan,nan,nan,"R$802.198,00","R$802.198,00","R$428.783,62",6.894,nan,nan,nan,nan,nan,nan,nan,nan
GO,Programa Articulação Institucional,nan,nan,nan,nan,,2016,Novembro,nan,nan,nan,nan,nan,nan,nan,nan,nan,nan,nan,nan,nan,nan,nan,nan,nan,nan,nan,nan,nan,nan,nan,nan,nan,nan,nan,nan,"R$0,00","R$60.039,00","R$8.302,59",0,nan,nan,nan,nan
GO,Programa de Atendimento Individual,nan,nan,nan,nan,,2016,Novembro,nan,nan,nan,nan,nan,nan,nan,nan,nan,nan,nan,nan,nan,nan,nan,nan,nan,nan,nan,nan,nan,nan,nan,nan,nan,nan,nan,nan,"R$565.154,00","R$950.906,00","R$429.898,41",10.236,nan,nan,nan,nan
GO,Programa Estadual de Desenvolvimento Rural,nan,nan,nan,nan,,2016,Novembro,nan,nan,nan,nan,nan,nan,nan,nan,nan,nan,nan,nan,nan,nan,nan,nan,nan,nan,nan,nan,nan,nan,nan,nan,nan,nan,nan,nan,"R$613.406,00","R$792.419,00","R$540.570,86",2.053,nan,nan,nan,nan
GO,Programa XXXXXXXX,nan,nan,nan,nan,,2016,Novembro,nan,nan,nan,nan,nan,nan,nan,nan,nan,nan,nan,nan,nan,nan,nan,nan,nan,nan,nan,nan,nan,nan,nan,nan,nan,nan,nan,nan,"R$216.000,00","R$250.500,00","R$216.308,30",5.037,nan,nan,nan,nan
GO,Programa Articulação Institucional,nan,nan,nan,nan,,2015,Novembro,nan,nan,nan,nan,nan,nan,nan,nan,nan,nan,nan,nan,nan,nan,nan,nan,nan,nan,nan,nan,"R$128.838,00","R$201.473,00","R$109.862,48",0,nan,nan,nan,nan,nan,nan,nan,nan,nan,nan,nan,nan
GO,Programa de Atendimento Individual,nan,nan,nan,nan,,2015,Novembro,nan,nan,nan,nan,nan,nan,nan,nan,nan,nan,nan,nan,nan,nan,nan,nan,nan,nan,nan,nan,"R$22.187.429,00","R$21.102.734,00","R$16.247.521,50",237.936,nan,nan,nan,nan,nan,nan,nan,nan,nan,nan,nan,nan
GO,Programa Estadual de Comércio,nan,nan,nan,nan,,2015,Novembro,nan,nan,nan,nan,nan,nan,nan,nan,nan,nan,nan,nan,nan,nan,nan,nan,nan,nan,nan,nan,"R$7.381.292,00","R$9.421.342,00","R$6.207.029,77",29.112,nan,nan,nan,nan,nan,nan,nan,nan,nan,nan,nan,nan
GO,Programa Estadual de Desenvolvimento Rural,nan,nan,nan,nan,,2015,Novembro,nan,nan,nan,nan,nan,nan,nan,nan,nan,nan,nan,nan,nan,nan,nan,nan,nan,nan,nan,nan,"R$9.348.162,00","R$10.443.722,00","R$7.899.895,42",19.740,nan,nan,nan,nan,nan,nan,nan,nan,nan,nan,nan,nan
GO,Programa Local - Atendimento ao cliente,nan,nan,nan,nan,,2015,Novembro,nan,nan,nan,nan,nan,nan,nan,nan,nan,nan,nan,nan,nan,nan,nan,nan,nan,nan,nan,nan,"R$5.620.451,00","R$4.691.013,00","R$2.727.657,64",7.577,nan,nan,nan,nan,nan,nan,nan,nan,nan,nan,nan,nan
GO,Programa XXXXXXXX,nan,nan,nan,nan,,2015,Novembro,nan,nan,nan,nan,nan,nan,nan,nan,nan,nan,nan,nan,nan,nan,nan,nan,nan,nan,nan,nan,"R$5.262.783,00","R$4.523.154,00","R$3.018.113,63",8.474,nan,nan,nan,nan,nan,nan,nan,nan,nan,nan,nan,nan
MA,Inteligencia e Estrategia - MA,"R$3.366.000,00","R$3.061.500,00","R$2.253.975,09",0,,2022,Novembro,nan,nan,nan,nan,nan,nan,nan,nan,nan,nan,nan,nan,nan,nan,nan,nan,nan,nan,nan,nan,nan,nan,nan,nan,nan,nan,nan,nan,nan,nan,nan,nan,nan,nan,nan,nan
MT,MT - Programa Local - Inovação e Mercado,nan,nan,nan,nan,,2025,Janeiro,nan,nan,nan,nan,nan,nan,nan,nan,"R$3.200.000,00","R$3.200.000,00","R$28.359,58",0,nan,nan,nan,nan,nan,nan,nan,nan,nan,nan,nan,nan,nan,nan,nan,nan,nan,nan,nan,nan,nan,nan,nan,nan
MT,MT - Programa Local - Inovação e Mercado,nan,nan,nan,nan,,2025,Fevereiro,nan,nan,nan,nan,nan,nan,nan,nan,"R$3.200.000,00","R$3.200.000,00","R$1.322.550,28",29,nan,nan,nan,nan,nan,nan,nan,nan,nan,nan,nan,nan,nan,nan,nan,nan,nan,nan,nan,nan,nan,nan,nan,nan
MT,MT - Programa Local - Inovação e Mercado,nan,nan,nan,nan,,2025,Março,nan,nan,nan,nan,nan,nan,nan,nan,"R$3.200.000,00","R$3.034.250,00","R$1.327.683,28",29,nan,nan,nan,nan,nan,nan,nan,nan,nan,nan,nan,nan,nan,nan,nan,nan,nan,nan,nan,nan,nan,nan,nan,nan
MT,MT - Programa Local - Projetos Especiais,nan,nan,nan,nan,,2025,Março,nan,nan,nan,nan,nan,nan,nan,nan,"R$12.000.000,00","R$12.000.000,00","R$0,00",0,nan,nan,nan,nan,nan,nan,nan,nan,nan,nan,nan,nan,nan,nan,nan,nan,nan,nan,nan,nan,nan,nan,nan,nan
MT,MT - Programa Local - Inovação e Mercado,nan,nan,nan,nan,,2025,Abril,nan,nan,nan,nan,nan,nan,nan,nan,"R$3.200.000,00","R$3.034.250,00","R$1.333.596,28",29,nan,nan,nan,nan,nan,nan,nan,nan,nan,nan,nan,nan,nan,nan,nan,nan,nan,nan,nan,nan,nan,nan,nan,nan
MT,MT - Programa Local - Projetos Especiais,nan,nan,nan,nan,,2025,Abril,nan,nan,nan,nan,nan,nan,nan,nan,"R$12.000.000,00","R$12.000.000,00","R$0,00",0,nan,nan,nan,nan,nan,nan,nan,nan,nan,nan,nan,nan,nan,nan,nan,nan,nan,nan,nan,nan,nan,nan,nan,nan
MT,MT - Programa Local - Inovação e Mercado,nan,nan,nan,nan,,2025,Maio,nan,nan,nan,nan,nan,nan,nan,nan,"R$3.200.000,00","R$3.445.250,00","R$1.336.535,28",29,nan,nan,nan,nan,nan,nan,nan,nan,nan,nan,nan,nan,nan,nan,nan,nan,nan,nan,nan,nan,nan,nan,nan,nan
MT,MT - Programa Local - Projetos Especiais,nan,nan,nan,nan,,2025,Maio,nan,nan,nan,nan,nan,nan,nan,nan,"R$12.000.000,00","R$12.000.000,00","R$0,00",0,nan,nan,nan,nan,nan,nan,nan,nan,nan,nan,nan,nan,nan,nan,nan,nan,nan,nan,nan,nan,nan,nan,nan,nan
MT,MT - Programa Local - Inovação e Mercado,nan,nan,nan,nan,,2025,Junho,nan,nan,nan,nan,nan,nan,nan,nan,"R$3.200.000,00","R$3.445.250,00","R$1.400.393,51",29,nan,nan,nan,nan,nan,nan,nan,nan,nan,nan,nan,nan,nan,nan,nan,nan,nan,nan,nan,nan,nan,nan,nan,nan
MT,MT - Programa Local - Projetos Especiais,nan,nan,nan,nan,,2025,Junho,nan,nan,nan,nan,nan,nan,nan,nan,"R$12.000.000,00","R$11.300.000,00","R$0,00",0,nan,nan,nan,nan,nan,nan,nan,nan,nan,nan,nan,nan,nan,nan,nan,nan,nan,nan,nan,nan,nan,nan,nan,nan
MT,MT - Programa Local - Inovação e Mercado,nan,nan,nan,nan,,2025,Julho,nan,nan,nan,nan,nan,nan,nan,nan,"R$3.200.000,00","R$3.445.250,00","R$1.433.431,95",32,nan,nan,nan,nan,nan,nan,nan,nan,nan,nan,nan,nan,nan,nan,nan,nan,nan,nan,nan,nan,nan,nan,nan,nan
MT,MT - Programa Local - Projetos Especiais,nan,nan,nan,nan,,2025,Julho,nan,nan,nan,nan,nan,nan,nan,nan,"R$12.000.000,00","R$11.300.000,00","R$0,00",0,nan,nan,nan,nan,nan,nan,nan,nan,nan,nan,nan,nan,nan,nan,nan,nan,nan,nan,nan,nan,nan,nan,nan,nan
MT,MT - Programa Local - Inovação e Mercado,nan,nan,nan,nan,,2025,Agosto,nan,nan,nan,nan,nan,nan,nan,nan,"R$3.200.000,00","R$3.755.250,00","R$1.434.183,95",35,nan,nan,nan,nan,nan,nan,nan,nan,nan,nan,nan,nan,nan,nan,nan,nan,nan,nan,nan,nan,nan,nan,nan,nan
MT,MT - Programa Local - Projetos Especiais,nan,nan,nan,nan,,2025,Agosto,nan,nan,nan,nan,nan,nan,nan,nan,"R$12.000.000,00","R$3.727.394,00","R$0,00",0,nan,nan,nan,nan,nan,nan,nan,nan,nan,nan,nan,nan,nan,nan,nan,nan,nan,nan,nan,nan,nan,nan,nan,nan
MT,MT - Programa Local - Inovação e Mercado,nan,nan,nan,nan,,2024,Novembro,nan,nan,nan,nan,nan,nan,nan,nan,nan,nan,nan,nan,"R$5.850.000,00","R$5.770.000,00","R$4.187.292,27",269,nan,nan,nan,nan,nan,nan,nan,nan,nan,nan,nan,nan,nan,nan,nan,nan,nan,nan,nan,nan
MT,MT - Programa Local de Inovação e Mercado 2023,nan,nan,nan,nan,,2023,Novembro,nan,nan,nan,nan,nan,nan,nan,nan,nan,nan,nan,nan,nan,nan,nan,nan,"R$2.440.000,00","R$6.485.000,00","R$4.744.378,50",292,nan,nan,nan,nan,nan,nan,nan,nan,nan,nan,nan,nan,nan,nan,nan,nan
MT,Programa Local MT - Inovação e Mercado,"R$1.926.000,00","R$1.957.500,00","R$1.915.846,04",256,,2022,Novembro,nan,nan,nan,nan,nan,nan,nan,nan,nan,nan,nan,nan,nan,nan,nan,nan,nan,nan,nan,nan,nan,nan,nan,nan,nan,nan,nan,nan,nan,nan,nan,nan,nan,nan,nan,nan
MS,MS - Apoio e Fomento ao Associativismo,nan,nan,nan,nan,,2025,Janeiro,nan,nan,nan,nan,nan,nan,nan,nan,"R$500.000,00","R$500.000,00","-R$1.365,00",0,nan,nan,nan,nan,nan,nan,nan,nan,nan,nan,nan,nan,nan,nan,nan,nan,nan,nan,nan,nan,nan,nan,nan,nan
MS,MS - Estratégia de Centralidade no Cliente,nan,nan,nan,nan,,2025,Janeiro,nan,nan,nan,nan,nan,nan,nan,nan,"R$2.500.000,00","R$2.500.000,00","R$1.984,76",0,nan,nan,nan,nan,nan,nan,nan,nan,nan,nan,nan,nan,nan,nan,nan,nan,nan,nan,nan,nan,nan,nan,nan,nan
MS,MS - Fortalecimento do  Turismo Local,nan,nan,nan,nan,,2025,Janeiro,nan,nan,nan,nan,nan,nan,nan,nan,"R$2.026.279,00","R$2.026.279,00","-R$600,00",0,nan,nan,nan,nan,nan,nan,nan,nan,nan,nan,nan,nan,nan,nan,nan,nan,nan,nan,nan,nan,nan,nan,nan,nan
MS,MS - Impulsionamento da presença digital,nan,nan,nan,nan,,2025,Janeiro,nan,nan,nan,nan,nan,nan,nan,nan,"R$4.900.000,00","R$4.900.000,00","R$43.182,50",0,nan,nan,nan,nan,nan,nan,nan,nan,nan,nan,nan,nan,nan,nan,nan,nan,nan,nan,nan,nan,nan,nan,nan,nan
MS,MS - Inova TI,nan,nan,nan,nan,,2025,Janeiro,nan,nan,nan,nan,nan,nan,nan,nan,"R$7.500.000,00","R$7.077.293,00","R$189.711,08",0,nan,nan,nan,nan,nan,nan,nan,nan,nan,nan,nan,nan,nan,nan,nan,nan,nan,nan,nan,nan,nan,nan,nan,nan
MS,MS - Inovação e Negócios,nan,nan,nan,nan,,2025,Janeiro,nan,nan,nan,nan,nan,nan,nan,nan,"R$2.800.000,00","R$2.800.000,00","R$37.421,19",155,nan,nan,nan,nan,nan,nan,nan,nan,nan,nan,nan,nan,nan,nan,nan,nan,nan,nan,nan,nan,nan,nan,nan,nan
MS,MS - Mercado Internacional,nan,nan,nan,nan,,2025,Janeiro,nan,nan,nan,nan,nan,nan,nan,nan,"R$1.000.000,00","R$1.000.000,00","R$0,00",0,nan,nan,nan,nan,nan,nan,nan,nan,nan,nan,nan,nan,nan,nan,nan,nan,nan,nan,nan,nan,nan,nan,nan,nan
MS,MS - Parcerias Estratégicas,nan,nan,nan,nan,,2025,Janeiro,nan,nan,nan,nan,nan,nan,nan,nan,"R$2.000.000,00","R$2.000.000,00","R$87.058,62",0,nan,nan,nan,nan,nan,nan,nan,nan,nan,nan,nan,nan,nan,nan,nan,nan,nan,nan,nan,nan,nan,nan,nan,nan
MS,MS - Apoio e Fomento ao Associativismo,nan,nan,nan,nan,,2025,Fevereiro,nan,nan,nan,nan,nan,nan,nan,nan,"R$500.000,00","R$500.000,00","R$32.182,25",57,nan,nan,nan,nan,nan,nan,nan,nan,nan,nan,nan,nan,nan,nan,nan,nan,nan,nan,nan,nan,nan,nan,nan,nan
MS,MS - Estratégia de Centralidade no Cliente,nan,nan,nan,nan,,2025,Fevereiro,nan,nan,nan,nan,nan,nan,nan,nan,"R$2.500.000,00","R$2.500.000,00","R$36.885,86",0,nan,nan,nan,nan,nan,nan,nan,nan,nan,nan,nan,nan,nan,nan,nan,nan,nan,nan,nan,nan,nan,nan,nan,nan
MS,MS - Fortalecimento do  Turismo Local,nan,nan,nan,nan,,2025,Fevereiro,nan,nan,nan,nan,nan,nan,nan,nan,"R$2.026.279,00","R$2.026.279,00","R$20.659,86",0,nan,nan,nan,nan,nan,nan,nan,nan,nan,nan,nan,nan,nan,nan,nan,nan,nan,nan,nan,nan,nan,nan,nan,nan
MS,MS - Impulsionamento da presença digital,nan,nan,nan,nan,,2025,Fevereiro,nan,nan,nan,nan,nan,nan,nan,nan,"R$4.900.000,00","R$4.900.000,00","R$262.626,63",0,nan,nan,nan,nan,nan,nan,nan,nan,nan,nan,nan,nan,nan,nan,nan,nan,nan,nan,nan,nan,nan,nan,nan,nan
MS,MS - Inova TI,nan,nan,nan,nan,,2025,Fevereiro,nan,nan,nan,nan,nan,nan,nan,nan,"R$7.500.000,00","R$6.577.293,00","R$842.160,22",0,nan,nan,nan,nan,nan,nan,nan,nan,nan,nan,nan,nan,nan,nan,nan,nan,nan,nan,nan,nan,nan,nan,nan,nan
MS,MS - Inovação e Negócios,nan,nan,nan,nan,,2025,Fevereiro,nan,nan,nan,nan,nan,nan,nan,nan,"R$2.800.000,00","R$2.800.000,00","R$228.635,71",452,nan,nan,nan,nan,nan,nan,nan,nan,nan,nan,nan,nan,nan,nan,nan,nan,nan,nan,nan,nan,nan,nan,nan,nan
MS,MS - Mercado Internacional,nan,nan,nan,nan,,2025,Fevereiro,nan,nan,nan,nan,nan,nan,nan,nan,"R$1.000.000,00","R$0,00","R$0,00",0,nan,nan,nan,nan,nan,nan,nan,nan,nan,nan,nan,nan,nan,nan,nan,nan,nan,nan,nan,nan,nan,nan,nan,nan
MS,MS - Parcerias Estratégicas,nan,nan,nan,nan,,2025,Fevereiro,nan,nan,nan,nan,nan,nan,nan,nan,"R$2.000.000,00","R$3.000.000,00","R$626.452,44",0,nan,nan,nan,nan,nan,nan,nan,nan,nan,nan,nan,nan,nan,nan,nan,nan,nan,nan,nan,nan,nan,nan,nan,nan
MS,MS - Apoio e Fomento ao Associativismo,nan,nan,nan,nan,,2025,Março,nan,nan,nan,nan,nan,nan,nan,nan,"R$500.000,00","R$500.000,00","R$79.320,25",57,nan,nan,nan,nan,nan,nan,nan,nan,nan,nan,nan,nan,nan,nan,nan,nan,nan,nan,nan,nan,nan,nan,nan,nan
MS,MS - Estratégia de Centralidade no Cliente,nan,nan,nan,nan,,2025,Março,nan,nan,nan,nan,nan,nan,nan,nan,"R$2.500.000,00","R$2.500.000,00","R$220.522,92",0,nan,nan,nan,nan,nan,nan,nan,nan,nan,nan,nan,nan,nan,nan,nan,nan,nan,nan,nan,nan,nan,nan,nan,nan
MS,MS - Fortalecimento do  Turismo Local,nan,nan,nan,nan,,2025,Março,nan,nan,nan,nan,nan,nan,nan,nan,"R$2.026.279,00","R$2.026.279,00","R$346.952,34",0,nan,nan,nan,nan,nan,nan,nan,nan,nan,nan,nan,nan,nan,nan,nan,nan,nan,nan,nan,nan,nan,nan,nan,nan
MS,MS - Impulsionamento da presença digital,nan,nan,nan,nan,,2025,Março,nan,nan,nan,nan,nan,nan,nan,nan,"R$4.900.000,00","R$4.900.000,00","R$445.508,29",0,nan,nan,nan,nan,nan,nan,nan,nan,nan,nan,nan,nan,nan,nan,nan,nan,nan,nan,nan,nan,nan,nan,nan,nan
MS,MS - Inova TI,nan,nan,nan,nan,,2025,Março,nan,nan,nan,nan,nan,nan,nan,nan,"R$7.500.000,00","R$6.577.293,00","R$237.883,08",0,nan,nan,nan,nan,nan,nan,nan,nan,nan,nan,nan,nan,nan,nan,nan,nan,nan,nan,nan,nan,nan,nan,nan,nan
MS,MS - Inovação e Negócios,nan,nan,nan,nan,,2025,Março,nan,nan,nan,nan,nan,nan,nan,nan,"R$2.800.000,00","R$2.800.000,00","R$313.498,05",596,nan,nan,nan,nan,nan,nan,nan,nan,nan,nan,nan,nan,nan,nan,nan,nan,nan,nan,nan,nan,nan,nan,nan,nan
MS,MS - Parcerias Estratégicas,nan,nan,nan,nan,,2025,Março,nan,nan,nan,nan,nan,nan,nan,nan,"R$2.000.000,00","R$3.000.000,00","R$930.552,44",0,nan,nan,nan,nan,nan,nan,nan,nan,nan,nan,nan,nan,nan,nan,nan,nan,nan,nan,nan,nan,nan,nan,nan,nan
MS,MS - Apoio e Fomento ao Associativismo,nan,nan,nan,nan,,2025,Abril,nan,nan,nan,nan,nan,nan,nan,nan,"R$500.000,00","R$500.000,00","R$98.968,25",57,nan,nan,nan,nan,nan,nan,nan,nan,nan,nan,nan,nan,nan,nan,nan,nan,nan,nan,nan,nan,nan,nan,nan,nan
MS,MS - Estratégia de Centralidade no Cliente,nan,nan,nan,nan,,2025,Abril,nan,nan,nan,nan,nan,nan,nan,nan,"R$2.500.000,00","R$2.500.000,00","R$512.815,59",0,nan,nan,nan,nan,nan,nan,nan,nan,nan,nan,nan,nan,nan,nan,nan,nan,nan,nan,nan,nan,nan,nan,nan,nan
MS,MS - Fortalecimento do  Turismo Local,nan,nan,nan,nan,,2025,Abril,nan,nan,nan,nan,nan,nan,nan,nan,"R$2.026.279,00","R$2.026.279,00","R$977.179,72",0,nan,nan,nan,nan,nan,nan,nan,nan,nan,nan,nan,nan,nan,nan,nan,nan,nan,nan,nan,nan,nan,nan,nan,nan
MS,MS - Impulsionamento da presença digital,nan,nan,nan,nan,,2025,Abril,nan,nan,nan,nan,nan,nan,nan,nan,"R$4.900.000,00","R$4.900.000,00","R$823.502,96",0,nan,nan,nan,nan,nan,nan,nan,nan,nan,nan,nan,nan,nan,nan,nan,nan,nan,nan,nan,nan,nan,nan,nan,nan
MS,MS - Inova TI,nan,nan,nan,nan,,2025,Abril,nan,nan,nan,nan,nan,nan,nan,nan,"R$7.500.000,00","R$754.361,00","R$586.340,47",0,nan,nan,nan,nan,nan,nan,nan,nan,nan,nan,nan,nan,nan,nan,nan,nan,nan,nan,nan,nan,nan,nan,nan,nan
MS,MS - Inovação e Negócios,nan,nan,nan,nan,,2025,Abril,nan,nan,nan,nan,nan,nan,nan,nan,"R$2.800.000,00","R$2.800.000,00","R$515.455,74",872,nan,nan,nan,nan,nan,nan,nan,nan,nan,nan,nan,nan,nan,nan,nan,nan,nan,nan,nan,nan,nan,nan,nan,nan
MS,MS - Parcerias Estratégicas,nan,nan,nan,nan,,2025,Abril,nan,nan,nan,nan,nan,nan,nan,nan,"R$2.000.000,00","R$3.000.000,00","R$1.305.906,40",220,nan,nan,nan,nan,nan,nan,nan,nan,nan,nan,nan,nan,nan,nan,nan,nan,nan,nan,nan,nan,nan,nan,nan,nan
MS,MS - Apoio e Fomento ao Associativismo,nan,nan,nan,nan,,2025,Maio,nan,nan,nan,nan,nan,nan,nan,nan,"R$500.000,00","R$500.000,00","R$141.757,25",57,nan,nan,nan,nan,nan,nan,nan,nan,nan,nan,nan,nan,nan,nan,nan,nan,nan,nan,nan,nan,nan,nan,nan,nan
MS,MS - Estratégia de Centralidade no Cliente,nan,nan,nan,nan,,2025,Maio,nan,nan,nan,nan,nan,nan,nan,nan,"R$2.500.000,00","R$2.500.000,00","R$715.782,52",2,nan,nan,nan,nan,nan,nan,nan,nan,nan,nan,nan,nan,nan,nan,nan,nan,nan,nan,nan,nan,nan,nan,nan,nan
MS,MS - Fortalecimento do  Turismo Local,nan,nan,nan,nan,,2025,Maio,nan,nan,nan,nan,nan,nan,nan,nan,"R$2.026.279,00","R$2.026.279,00","R$1.293.649,93",0,nan,nan,nan,nan,nan,nan,nan,nan,nan,nan,nan,nan,nan,nan,nan,nan,nan,nan,nan,nan,nan,nan,nan,nan
MS,MS - Impulsionamento da presença digital,nan,nan,nan,nan,,2025,Maio,nan,nan,nan,nan,nan,nan,nan,nan,"R$4.900.000,00","R$4.900.000,00","R$1.155.115,87",0,nan,nan,nan,nan,nan,nan,nan,nan,nan,nan,nan,nan,nan,nan,nan,nan,nan,nan,nan,nan,nan,nan,nan,nan
MS,MS - Inova TI,nan,nan,nan,nan,,2025,Maio,nan,nan,nan,nan,nan,nan,nan,nan,"R$7.500.000,00","R$754.361,00","R$634.291,01",0,nan,nan,nan,nan,nan,nan,nan,nan,nan,nan,nan,nan,nan,nan,nan,nan,nan,nan,nan,nan,nan,nan,nan,nan
MS,MS - Inovação e Negócios,nan,nan,nan,nan,,2025,Maio,nan,nan,nan,nan,nan,nan,nan,nan,"R$2.800.000,00","R$2.800.000,00","R$691.003,01",1.159,nan,nan,nan,nan,nan,nan,nan,nan,nan,nan,nan,nan,nan,nan,nan,nan,nan,nan,nan,nan,nan,nan,nan,nan
MS,MS - Parcerias Estratégicas,nan,nan,nan,nan,,2025,Maio,nan,nan,nan,nan,nan,nan,nan,nan,"R$2.000.000,00","R$3.200.000,00","R$2.042.104,77",529,nan,nan,nan,nan,nan,nan,nan,nan,nan,nan,nan,nan,nan,nan,nan,nan,nan,nan,nan,nan,nan,nan,nan,nan
MS,MS - Apoio e Fomento ao Associativismo,nan,nan,nan,nan,,2025,Junho,nan,nan,nan,nan,nan,nan,nan,nan,"R$500.000,00","R$500.000,00","R$191.731,25",57,nan,nan,nan,nan,nan,nan,nan,nan,nan,nan,nan,nan,nan,nan,nan,nan,nan,nan,nan,nan,nan,nan,nan,nan
MS,MS - Estratégia de Centralidade no Cliente,nan,nan,nan,nan,,2025,Junho,nan,nan,nan,nan,nan,nan,nan,nan,"R$2.500.000,00","R$2.500.000,00","R$1.338.247,30",3,nan,nan,nan,nan,nan,nan,nan,nan,nan,nan,nan,nan,nan,nan,nan,nan,nan,nan,nan,nan,nan,nan,nan,nan
MS,MS - Fortalecimento do  Turismo Local,nan,nan,nan,nan,,2025,Junho,nan,nan,nan,nan,nan,nan,nan,nan,"R$2.026.279,00","R$2.026.279,00","R$1.348.944,93",0,nan,nan,nan,nan,nan,nan,nan,nan,nan,nan,nan,nan,nan,nan,nan,nan,nan,nan,nan,nan,nan,nan,nan,nan
MS,MS - Impulsionamento da presença digital,nan,nan,nan,nan,,2025,Junho,nan,nan,nan,nan,nan,nan,nan,nan,"R$4.900.000,00","R$4.900.000,00","R$1.405.818,79",0,nan,nan,nan,nan,nan,nan,nan,nan,nan,nan,nan,nan,nan,nan,nan,nan,nan,nan,nan,nan,nan,nan,nan,nan
MS,MS - Inova TI,nan,nan,nan,nan,,2025,Junho,nan,nan,nan,nan,nan,nan,nan,nan,"R$7.500.000,00","R$754.361,00","R$670.841,78",0,nan,nan,nan,nan,nan,nan,nan,nan,nan,nan,nan,nan,nan,nan,nan,nan,nan,nan,nan,nan,nan,nan,nan,nan
MS,MS - Inovação e Negócios,nan,nan,nan,nan,,2025,Junho,nan,nan,nan,nan,nan,nan,nan,nan,"R$2.800.000,00","R$2.800.000,00","R$1.648.826,09",1.237,nan,nan,nan,nan,nan,nan,nan,nan,nan,nan,nan,nan,nan,nan,nan,nan,nan,nan,nan,nan,nan,nan,nan,nan
MS,MS - Parcerias Estratégicas,nan,nan,nan,nan,,2025,Junho,nan,nan,nan,nan,nan,nan,nan,nan,"R$2.000.000,00","R$3.200.000,00","R$2.509.830,06",475,nan,nan,nan,nan,nan,nan,nan,nan,nan,nan,nan,nan,nan,nan,nan,nan,nan,nan,nan,nan,nan,nan,nan,nan
MS,MS - Apoio e Fomento ao Associativismo,nan,nan,nan,nan,,2025,Julho,nan,nan,nan,nan,nan,nan,nan,nan,"R$500.000,00","R$500.000,00","R$231.421,25",57,nan,nan,nan,nan,nan,nan,nan,nan,nan,nan,nan,nan,nan,nan,nan,nan,nan,nan,nan,nan,nan,nan,nan,nan
MS,MS - Estratégia de Centralidade no Cliente,nan,nan,nan,nan,,2025,Julho,nan,nan,nan,nan,nan,nan,nan,nan,"R$2.500.000,00","R$3.500.000,00","R$2.300.251,97",47,nan,nan,nan,nan,nan,nan,nan,nan,nan,nan,nan,nan,nan,nan,nan,nan,nan,nan,nan,nan,nan,nan,nan,nan
MS,MS - Fortalecimento do  Turismo Local,nan,nan,nan,nan,,2025,Julho,nan,nan,nan,nan,nan,nan,nan,nan,"R$2.026.279,00","R$2.026.279,00","R$1.353.916,53",0,nan,nan,nan,nan,nan,nan,nan,nan,nan,nan,nan,nan,nan,nan,nan,nan,nan,nan,nan,nan,nan,nan,nan,nan
MS,MS - Impulsionamento da presença digital,nan,nan,nan,nan,,2025,Julho,nan,nan,nan,nan,nan,nan,nan,nan,"R$4.900.000,00","R$4.900.000,00","R$1.775.978,68",0,nan,nan,nan,nan,nan,nan,nan,nan,nan,nan,nan,nan,nan,nan,nan,nan,nan,nan,nan,nan,nan,nan,nan,nan
MS,MS - Inova TI,nan,nan,nan,nan,,2025,Julho,nan,nan,nan,nan,nan,nan,nan,nan,"R$7.500.000,00","R$2.096.428,00","R$1.189.461,82",0,nan,nan,nan,nan,nan,nan,nan,nan,nan,nan,nan,nan,nan,nan,nan,nan,nan,nan,nan,nan,nan,nan,nan,nan
MS,MS - Inovação e Negócios,nan,nan,nan,nan,,2025,Julho,nan,nan,nan,nan,nan,nan,nan,nan,"R$2.800.000,00","R$2.800.000,00","R$1.122.454,16",1.661,nan,nan,nan,nan,nan,nan,nan,nan,nan,nan,nan,nan,nan,nan,nan,nan,nan,nan,nan,nan,nan,nan,nan,nan
MS,MS - Parcerias Estratégicas,nan,nan,nan,nan,,2025,Julho,nan,nan,nan,nan,nan,nan,nan,nan,"R$2.000.000,00","R$5.000.000,00","R$2.983.661,46",622,nan,nan,nan,nan,nan,nan,nan,nan,nan,nan,nan,nan,nan,nan,nan,nan,nan,nan,nan,nan,nan,nan,nan,nan
MS,MS - Apoio e Fomento ao Associativismo,nan,nan,nan,nan,,2025,Agosto,nan,nan,nan,nan,nan,nan,nan,nan,"R$500.000,00","R$500.000,00","R$231.421,25",57,nan,nan,nan,nan,nan,nan,nan,nan,nan,nan,nan,nan,nan,nan,nan,nan,nan,nan,nan,nan,nan,nan,nan,nan
MS,MS - Estratégia de Centralidade no Cliente,nan,nan,nan,nan,,2025,Agosto,nan,nan,nan,nan,nan,nan,nan,nan,"R$2.500.000,00","R$3.500.000,00","R$2.508.122,73",47,nan,nan,nan,nan,nan,nan,nan,nan,nan,nan,nan,nan,nan,nan,nan,nan,nan,nan,nan,nan,nan,nan,nan,nan
MS,MS - Fortalecimento do  Turismo Local,nan,nan,nan,nan,,2025,Agosto,nan,nan,nan,nan,nan,nan,nan,nan,"R$2.026.279,00","R$2.026.279,00","R$1.404.718,57",0,nan,nan,nan,nan,nan,nan,nan,nan,nan,nan,nan,nan,nan,nan,nan,nan,nan,nan,nan,nan,nan,nan,nan,nan
MS,MS - Impulsionamento da presença digital,nan,nan,nan,nan,,2025,Agosto,nan,nan,nan,nan,nan,nan,nan,nan,"R$4.900.000,00","R$4.900.000,00","R$1.857.856,95",0,nan,nan,nan,nan,nan,nan,nan,nan,nan,nan,nan,nan,nan,nan,nan,nan,nan,nan,nan,nan,nan,nan,nan,nan
MS,MS - Inova TI,nan,nan,nan,nan,,2025,Agosto,nan,nan,nan,nan,nan,nan,nan,nan,"R$7.500.000,00","R$2.096.428,00","R$1.225.449,84",0,nan,nan,nan,nan,nan,nan,nan,nan,nan,nan,nan,nan,nan,nan,nan,nan,nan,nan,nan,nan,nan,nan,nan,nan
MS,MS - Inovação e Negócios,nan,nan,nan,nan,,2025,Agosto,nan,nan,nan,nan,nan,nan,nan,nan,"R$2.800.000,00","R$2.800.000,00","R$1.330.800,51",2.037,nan,nan,nan,nan,nan,nan,nan,nan,nan,nan,nan,nan,nan,nan,nan,nan,nan,nan,nan,nan,nan,nan,nan,nan
MS,MS - Parcerias Estratégicas,nan,nan,nan,nan,,2025,Agosto,nan,nan,nan,nan,nan,nan,nan,nan,"R$2.000.000,00","R$5.000.000,00","R$3.069.979,86",370,nan,nan,nan,nan,nan,nan,nan,nan,nan,nan,nan,nan,nan,nan,nan,nan,nan,nan,nan,nan,nan,nan,nan,nan
MS,MS - Experiência do Cliente,nan,nan,nan,nan,,2024,Novembro,nan,nan,nan,nan,nan,nan,nan,nan,nan,nan,nan,nan,"R$3.219.821,00","R$6.086.504,00","R$4.570.783,43",1.853,nan,nan,nan,nan,nan,nan,nan,nan,nan,nan,nan,nan,nan,nan,nan,nan,nan,nan,nan,nan
MS,MS - Impulsionamento da Presença Digital,nan,nan,nan,nan,,2024,Novembro,nan,nan,nan,nan,nan,nan,nan,nan,nan,nan,nan,nan,"R$4.462.975,00","R$4.149.325,00","R$3.291.201,80",283,nan,nan,nan,nan,nan,nan,nan,nan,nan,nan,nan,nan,nan,nan,nan,nan,nan,nan,nan,nan
MS,MS - Inova TI,nan,nan,nan,nan,,2024,Novembro,nan,nan,nan,nan,nan,nan,nan,nan,nan,nan,nan,nan,"R$7.358.967,00","R$8.242.603,00","R$6.620.529,94",0,nan,nan,nan,nan,nan,nan,nan,nan,nan,nan,nan,nan,nan,nan,nan,nan,nan,nan,nan,nan
MS,MS - Inovação e Negócios,nan,nan,nan,nan,,2024,Novembro,nan,nan,nan,nan,nan,nan,nan,nan,nan,nan,nan,nan,"R$2.291.652,00","R$1.978.309,00","R$1.818.398,76",4.808,nan,nan,nan,nan,nan,nan,nan,nan,nan,nan,nan,nan,nan,nan,nan,nan,nan,nan,nan,nan
MS,MS - Parcerias Estratégicas,nan,nan,nan,nan,,2024,Novembro,nan,nan,nan,nan,nan,nan,nan,nan,nan,nan,nan,nan,"R$1.833.326,00","R$4.605.000,00","R$4.551.169,10",198,nan,nan,nan,nan,nan,nan,nan,nan,nan,nan,nan,nan,nan,nan,nan,nan,nan,nan,nan,nan
MS,MS - Estímulo ao Atendimento e Inovação,nan,nan,nan,nan,,2023,Novembro,nan,nan,nan,nan,nan,nan,nan,nan,nan,nan,nan,nan,nan,nan,nan,nan,"R$7.265.900,00","R$8.233.200,00","R$7.794.868,89",4.713,nan,nan,nan,nan,nan,nan,nan,nan,nan,nan,nan,nan,nan,nan,nan,nan
MS,MS - Expansão do Cidade Empreendedora,nan,nan,nan,nan,,2023,Novembro,nan,nan,nan,nan,nan,nan,nan,nan,nan,nan,nan,nan,nan,nan,nan,nan,"R$3.029.466,00","R$0,00","R$440.544,60",0,nan,nan,nan,nan,nan,nan,nan,nan,nan,nan,nan,nan,nan,nan,nan,nan
MS,MS - Fomento da Competividade,nan,nan,nan,nan,,2023,Novembro,nan,nan,nan,nan,nan,nan,nan,nan,nan,nan,nan,nan,nan,nan,nan,nan,"R$940.000,00","R$818.400,00","R$954.300,60",178,nan,nan,nan,nan,nan,nan,nan,nan,nan,nan,nan,nan,nan,nan,nan,nan
MS,MS - Impulsionamento da Presença Digital,nan,nan,nan,nan,,2023,Novembro,nan,nan,nan,nan,nan,nan,nan,nan,nan,nan,nan,nan,nan,nan,nan,nan,"R$4.116.750,00","R$3.369.900,00","R$2.898.827,95",0,nan,nan,nan,nan,nan,nan,nan,nan,nan,nan,nan,nan,nan,nan,nan,nan
MS,MS - Inteligência de Negócios,nan,nan,nan,nan,,2023,Novembro,nan,nan,nan,nan,nan,nan,nan,nan,nan,nan,nan,nan,nan,nan,nan,nan,"R$917.116,00","R$1.180.616,00","R$866.848,51",0,nan,nan,nan,nan,nan,nan,nan,nan,nan,nan,nan,nan,nan,nan,nan,nan
MS,MS - TI 5.0,nan,nan,nan,nan,,2023,Novembro,nan,nan,nan,nan,nan,nan,nan,nan,nan,nan,nan,nan,nan,nan,nan,nan,"R$5.155.860,00","R$4.781.508,00","R$3.991.528,70",0,nan,nan,nan,nan,nan,nan,nan,nan,nan,nan,nan,nan,nan,nan,nan,nan
MS,MS- Rede de Parceiros Estratégicos,nan,nan,nan,nan,,2023,Novembro,nan,nan,nan,nan,nan,nan,nan,nan,nan,nan,nan,nan,nan,nan,nan,nan,"R$1.880.000,00","R$2.980.000,00","R$2.647.987,41",0,nan,nan,nan,nan,nan,nan,nan,nan,nan,nan,nan,nan,nan,nan,nan,nan
MS,MS  - Fomento da Competividade,"R$0,00","R$11.297.541,00","R$11.042.563,08",95,,2022,Novembro,nan,nan,nan,nan,nan,nan,nan,nan,nan,nan,nan,nan,nan,nan,nan,nan,nan,nan,nan,nan,nan,nan,nan,nan,nan,nan,nan,nan,nan,nan,nan,nan,nan,nan,nan,nan
MS,MS  - Fortalecimento do Associativismo,"R$0,00","R$2.640.000,00","R$2.682.468,07",0,,2022,Novembro,nan,nan,nan,nan,nan,nan,nan,nan,nan,nan,nan,nan,nan,nan,nan,nan,nan,nan,nan,nan,nan,nan,nan,nan,nan,nan,nan,nan,nan,nan,nan,nan,nan,nan,nan,nan
MS,MS  TI 5.0,"R$0,00","R$3.476.660,00","R$3.328.981,87",0,,2022,Novembro,nan,nan,nan,nan,nan,nan,nan,nan,nan,nan,nan,nan,nan,nan,nan,nan,nan,nan,nan,nan,nan,nan,nan,nan,nan,nan,nan,nan,nan,nan,nan,nan,nan,nan,nan,nan
MS,MS -  Estímulo ao Atendimento e Inovação,"R$0,00","R$2.038.815,00","R$1.929.672,23",8.769,,2022,Novembro,nan,nan,nan,nan,nan,nan,nan,nan,nan,nan,nan,nan,nan,nan,nan,nan,nan,nan,nan,nan,nan,nan,nan,nan,nan,nan,nan,nan,nan,nan,nan,nan,nan,nan,nan,nan
MS,MS - Impulsionamento da Presença Digital,"R$0,00","R$1.038.350,00","R$665.693,73",0,,2022,Novembro,nan,nan,nan,nan,nan,nan,nan,nan,nan,nan,nan,nan,nan,nan,nan,nan,nan,nan,nan,nan,nan,nan,nan,nan,nan,nan,nan,nan,nan,nan,nan,nan,nan,nan,nan,nan
MS,MS Inteligência de Negócios,"R$0,00","R$199.000,00","R$152.694,64",0,,2022,Novembro,nan,nan,nan,nan,nan,nan,nan,nan,nan,nan,nan,nan,nan,nan,nan,nan,nan,nan,nan,nan,nan,nan,nan,nan,nan,nan,nan,nan,nan,nan,nan,nan,nan,nan,nan,nan
MS,MS  TI 5.0,nan,nan,nan,nan,,2021,Novembro,"R$1.993.010,00","R$2.354.510,00","R$2.134.166,35",0,nan,nan,nan,nan,nan,nan,nan,nan,nan,nan,nan,nan,nan,nan,nan,nan,nan,nan,nan,nan,nan,nan,nan,nan,nan,nan,nan,nan,nan,nan,nan,nan
MS,MS - Ecossistema de Inovação e Competitividade,nan,nan,nan,nan,,2021,Novembro,"R$385.000,00","R$3.620.781,00","R$2.988.057,81",51,nan,nan,nan,nan,nan,nan,nan,nan,nan,nan,nan,nan,nan,nan,nan,nan,nan,nan,nan,nan,nan,nan,nan,nan,nan,nan,nan,nan,nan,nan,nan,nan
MS,MS - Impulsionamento da Presença Digital,nan,nan,nan,nan,,2021,Novembro,"R$721.100,00","R$717.170,00","R$678.147,77",0,nan,nan,nan,nan,nan,nan,nan,nan,nan,nan,nan,nan,nan,nan,nan,nan,nan,nan,nan,nan,nan,nan,nan,nan,nan,nan,nan,nan,nan,nan,nan,nan
MS,MS Inteligência de Negócios,nan,nan,nan,nan,,2021,Novembro,"R$120.000,00","R$101.000,00","R$53.033,45",0,nan,nan,nan,nan,nan,nan,nan,nan,nan,nan,nan,nan,nan,nan,nan,nan,nan,nan,nan,nan,nan,nan,nan,nan,nan,nan,nan,nan,nan,nan,nan,nan
MS,MS-Gestão Operacional,nan,nan,nan,nan,,2020,Novembro,nan,nan,nan,nan,"R$8.749.585,00","R$7.345.632,00","R$6.283.405,14",0,nan,nan,nan,nan,nan,nan,nan,nan,nan,nan,nan,nan,nan,nan,nan,nan,nan,nan,nan,nan,nan,nan,nan,nan,nan,nan,nan,nan
MS,MS-Suporte a Negócios,nan,nan,nan,nan,,2020,Novembro,nan,nan,nan,nan,"R$29.185.446,00","R$23.763.295,00","R$23.168.603,01",0,nan,nan,nan,nan,nan,nan,nan,nan,nan,nan,nan,nan,nan,nan,nan,nan,nan,nan,nan,nan,nan,nan,nan,nan,nan,nan,nan,nan
MG,Agronegócios: Territórios Produtivos Sustentáveis,nan,nan,nan,nan,,2023,Novembro,nan,nan,nan,nan,nan,nan,nan,nan,nan,nan,nan,nan,nan,nan,nan,nan,"R$0,01","R$0,01","R$0,00",0,nan,nan,nan,nan,nan,nan,nan,nan,nan,nan,nan,nan,nan,nan,nan,nan
MG,Atendimento de Microrregião,nan,nan,nan,nan,,2023,Novembro,nan,nan,nan,nan,nan,nan,nan,nan,nan,nan,nan,nan,nan,nan,nan,nan,"R$0,01","R$0,01","R$0,00",0,nan,nan,nan,nan,nan,nan,nan,nan,nan,nan,nan,nan,nan,nan,nan,nan
MG,Atendimento Digital,nan,nan,nan,nan,,2023,Novembro,nan,nan,nan,nan,nan,nan,nan,nan,nan,nan,nan,nan,nan,nan,nan,nan,"R$0,01","R$0,01","R$0,00",0,nan,nan,nan,nan,nan,nan,nan,nan,nan,nan,nan,nan,nan,nan,nan,nan
MG,Atendimento Rede Parceira e AOE,nan,nan,nan,nan,,2023,Novembro,nan,nan,nan,nan,nan,nan,nan,nan,nan,nan,nan,nan,nan,nan,nan,nan,"R$6.187.172,00","R$4.271.720,00","R$2.072.712,15",2.808,nan,nan,nan,nan,nan,nan,nan,nan,nan,nan,nan,nan,nan,nan,nan,nan
MG,Cidade Empreendedora,nan,nan,nan,nan,,2023,Novembro,nan,nan,nan,nan,nan,nan,nan,nan,nan,nan,nan,nan,nan,nan,nan,nan,"R$0,01","R$0,01","R$0,00",0,nan,nan,nan,nan,nan,nan,nan,nan,nan,nan,nan,nan,nan,nan,nan,nan
MG,Combate a mortalidade de MPEs,nan,nan,nan,nan,,2023,Novembro,nan,nan,nan,nan,nan,nan,nan,nan,nan,nan,nan,nan,nan,nan,nan,nan,"R$0,01","R$0,01","R$0,00",0,nan,nan,nan,nan,nan,nan,nan,nan,nan,nan,nan,nan,nan,nan,nan,nan
MG,Educação Empreendedora - MG,nan,nan,nan,nan,,2023,Novembro,nan,nan,nan,nan,nan,nan,nan,nan,nan,nan,nan,nan,nan,nan,nan,nan,"R$0,01","R$0,01","R$0,00",0,nan,nan,nan,nan,nan,nan,nan,nan,nan,nan,nan,nan,nan,nan,nan,nan
MG,MINAS + Competitiva: Inovação e Mercado,nan,nan,nan,nan,,2023,Novembro,nan,nan,nan,nan,nan,nan,nan,nan,nan,nan,nan,nan,nan,nan,nan,nan,"R$0,01","R$2.352.333,01","R$1.990.933,88",0,nan,nan,nan,nan,nan,nan,nan,nan,nan,nan,nan,nan,nan,nan,nan,nan
MG,"Minas + Industria, Comercio e Serviços",nan,nan,nan,nan,,2023,Novembro,nan,nan,nan,nan,nan,nan,nan,nan,nan,nan,nan,nan,nan,nan,nan,nan,"R$0,01","R$0,01","R$0,00",0,nan,nan,nan,nan,nan,nan,nan,nan,nan,nan,nan,nan,nan,nan,nan,nan
MG,Sustentabilidade Financeira - Otimizar Gastos,nan,nan,nan,nan,,2023,Novembro,nan,nan,nan,nan,nan,nan,nan,nan,nan,nan,nan,nan,nan,nan,nan,nan,"R$0,01","R$236.410,01","R$236.285,47",0,nan,nan,nan,nan,nan,nan,nan,nan,nan,nan,nan,nan,nan,nan,nan,nan
MG,Sustentabilidade Financeira - Produtos Empresariais,nan,nan,nan,nan,,2023,Novembro,nan,nan,nan,nan,nan,nan,nan,nan,nan,nan,nan,nan,nan,nan,nan,nan,"R$1.567.555,00","R$1.290.640,00","R$980.492,18",0,nan,nan,nan,nan,nan,nan,nan,nan,nan,nan,nan,nan,nan,nan,nan,nan
MG,Sustentabilidade Financeira - Receitas Vetor Social,nan,nan,nan,nan,,2023,Novembro,nan,nan,nan,nan,nan,nan,nan,nan,nan,nan,nan,nan,nan,nan,nan,nan,"R$0,01","R$0,01","R$0,00",0,nan,nan,nan,nan,nan,nan,nan,nan,nan,nan,nan,nan,nan,nan,nan,nan
MG,Transformação Organizacional,nan,nan,nan,nan,,2023,Novembro,nan,nan,nan,nan,nan,nan,nan,nan,nan,nan,nan,nan,nan,nan,nan,nan,"R$9.000.000,00","R$2.782.200,00","R$1.220.787,19",0,nan,nan,nan,nan,nan,nan,nan,nan,nan,nan,nan,nan,nan,nan,nan,nan
MG,PROGRAMA LOCAL -  Atendimento e Desenvolvimento Territorial - Sebrae Minas,"R$0,00","R$250.001,00","R$37.022,00",16,,2022,Novembro,nan,nan,nan,nan,nan,nan,nan,nan,nan,nan,nan,nan,nan,nan,nan,nan,nan,nan,nan,nan,nan,nan,nan,nan,nan,nan,nan,nan,nan,nan,nan,nan,nan,nan,nan,nan
MG,Programa de Desenvolvimento Local da Microrregião Uberlândia,nan,nan,nan,nan,,2018,Novembro,nan,nan,nan,nan,nan,nan,nan,nan,nan,nan,nan,nan,nan,nan,nan,nan,nan,nan,nan,nan,nan,nan,nan,nan,nan,nan,nan,nan,nan,nan,nan,nan,"R$57.431,00","R$58.031,00","R$58.560,02",99
MG,Programa de Desenvolvimento Local da Microrregião Alfenas,nan,nan,nan,nan,,2017,Novembro,nan,nan,nan,nan,nan,nan,nan,nan,nan,nan,nan,nan,nan,nan,nan,nan,nan,nan,nan,nan,nan,nan,nan,nan,"R$10.000,00","R$1.570,00","R$1.314,13",0,nan,nan,nan,nan,nan,nan,nan,nan
MG,Programa de Desenvolvimento Local da Microrregião Chapada de Minas,nan,nan,nan,nan,,2017,Novembro,nan,nan,nan,nan,nan,nan,nan,nan,nan,nan,nan,nan,nan,nan,nan,nan,nan,nan,nan,nan,nan,nan,nan,nan,"R$20.000,00","R$0,00","R$0,00",0,nan,nan,nan,nan,nan,nan,nan,nan
MG,Programa de Desenvolvimento Local da Microrregião Diamantina,nan,nan,nan,nan,,2017,Novembro,nan,nan,nan,nan,nan,nan,nan,nan,nan,nan,nan,nan,nan,nan,nan,nan,nan,nan,nan,nan,nan,nan,nan,nan,"R$65.000,00","R$26.300,00","R$22.275,85",0,nan,nan,nan,nan,nan,nan,nan,nan
MG,Programa de Desenvolvimento Local da Microrregião Divinópolis,nan,nan,nan,nan,,2017,Novembro,nan,nan,nan,nan,nan,nan,nan,nan,nan,nan,nan,nan,nan,nan,nan,nan,nan,nan,nan,nan,nan,nan,nan,nan,"R$0,00","-R$7.000,00","R$2.413,29",0,nan,nan,nan,nan,nan,nan,nan,nan
MG,Programa de Desenvolvimento Local da Microrregião Guanhães,nan,nan,nan,nan,,2017,Novembro,nan,nan,nan,nan,nan,nan,nan,nan,nan,nan,nan,nan,nan,nan,nan,nan,nan,nan,nan,nan,nan,nan,nan,nan,"R$1.835,00","R$1.835,00","R$1.275,91",0,nan,nan,nan,nan,nan,nan,nan,nan
MG,Programa de Desenvolvimento Local da microrregião Itabira,nan,nan,nan,nan,,2017,Novembro,nan,nan,nan,nan,nan,nan,nan,nan,nan,nan,nan,nan,nan,nan,nan,nan,nan,nan,nan,nan,nan,nan,nan,nan,"R$4.000,00","R$4.000,00","R$1.742,10",0,nan,nan,nan,nan,nan,nan,nan,nan
MG,Programa de Desenvolvimento Local da microrregião Montes Claros,nan,nan,nan,nan,,2017,Novembro,nan,nan,nan,nan,nan,nan,nan,nan,nan,nan,nan,nan,nan,nan,nan,nan,nan,nan,nan,nan,nan,nan,nan,nan,"R$35.530,00","R$35.530,00","R$2.500,56",0,nan,nan,nan,nan,nan,nan,nan,nan
MG,Programa de Desenvolvimento Local da microrregião Paracatu,nan,nan,nan,nan,,2017,Novembro,nan,nan,nan,nan,nan,nan,nan,nan,nan,nan,nan,nan,nan,nan,nan,nan,nan,nan,nan,nan,nan,nan,nan,nan,"R$20.000,00","R$19.500,00","R$0,00",0,nan,nan,nan,nan,nan,nan,nan,nan
MG,Programa de Desenvolvimento Local da microrregião Passos,nan,nan,nan,nan,,2017,Novembro,nan,nan,nan,nan,nan,nan,nan,nan,nan,nan,nan,nan,nan,nan,nan,nan,nan,nan,nan,nan,nan,nan,nan,nan,"R$18.000,00","R$18.000,00","R$17.698,45",0,nan,nan,nan,nan,nan,nan,nan,nan
MG,Programa de Desenvolvimento Local da microrregião Pirapora,nan,nan,nan,nan,,2017,Novembro,nan,nan,nan,nan,nan,nan,nan,nan,nan,nan,nan,nan,nan,nan,nan,nan,nan,nan,nan,nan,nan,nan,nan,nan,"R$0,00","R$8.660,00","R$1.950,31",0,nan,nan,nan,nan,nan,nan,nan,nan
MG,Programa de Desenvolvimento Local da Microrregião Pouso Alegre,nan,nan,nan,nan,,2017,Novembro,nan,nan,nan,nan,nan,nan,nan,nan,nan,nan,nan,nan,nan,nan,nan,nan,nan,nan,nan,nan,nan,nan,nan,nan,"R$27.540,00","R$47.240,00","R$5.089,27",0,nan,nan,nan,nan,nan,nan,nan,nan
MG,Programa de Desenvolvimento Local da Microrregião Uberlândia,nan,nan,nan,nan,,2017,Novembro,nan,nan,nan,nan,nan,nan,nan,nan,nan,nan,nan,nan,nan,nan,nan,nan,nan,nan,nan,nan,nan,nan,nan,nan,"R$160.000,00","R$180.000,00","R$27.074,29",602,nan,nan,nan,nan,nan,nan,nan,nan
MG,Programa de Desenvolvimento Local da Microrregião Varginha,nan,nan,nan,nan,,2017,Novembro,nan,nan,nan,nan,nan,nan,nan,nan,nan,nan,nan,nan,nan,nan,nan,nan,nan,nan,nan,nan,nan,nan,nan,nan,"R$15.000,00","R$12.000,00","R$14.955,36",0,nan,nan,nan,nan,nan,nan,nan,nan
PE,PE - Competitividade Pernambucana,nan,nan,nan,nan,,2025,Janeiro,nan,nan,nan,nan,nan,nan,nan,nan,"R$40.327.079,00","R$36.040.432,00","R$787.724,73",429,nan,nan,nan,nan,nan,nan,nan,nan,nan,nan,nan,nan,nan,nan,nan,nan,nan,nan,nan,nan,nan,nan,nan,nan
PE,PE - PE – Aplicação dos Propósitos Locais,nan,nan,nan,nan,,2025,Janeiro,nan,nan,nan,nan,nan,nan,nan,nan,"R$6.333.500,00","R$22.516.923,00","R$1.177.656,46",0,nan,nan,nan,nan,nan,nan,nan,nan,nan,nan,nan,nan,nan,nan,nan,nan,nan,nan,nan,nan,nan,nan,nan,nan
PE,PE - Competitividade Pernambucana,nan,nan,nan,nan,,2025,Fevereiro,nan,nan,nan,nan,nan,nan,nan,nan,"R$40.327.079,00","R$31.760.006,00","R$1.559.182,85",2.335,nan,nan,nan,nan,nan,nan,nan,nan,nan,nan,nan,nan,nan,nan,nan,nan,nan,nan,nan,nan,nan,nan,nan,nan
PE,PE - PE – Aplicação dos Propósitos Locais,nan,nan,nan,nan,,2025,Fevereiro,nan,nan,nan,nan,nan,nan,nan,nan,"R$6.333.500,00","R$22.226.923,00","R$2.151.861,90",0,nan,nan,nan,nan,nan,nan,nan,nan,nan,nan,nan,nan,nan,nan,nan,nan,nan,nan,nan,nan,nan,nan,nan,nan
PE,PE - Competitividade Pernambucana,nan,nan,nan,nan,,2025,Março,nan,nan,nan,nan,nan,nan,nan,nan,"R$40.327.079,00","R$32.481.177,00","R$3.959.823,63",2.739,nan,nan,nan,nan,nan,nan,nan,nan,nan,nan,nan,nan,nan,nan,nan,nan,nan,nan,nan,nan,nan,nan,nan,nan
PE,PE - PE – Aplicação dos Propósitos Locais,nan,nan,nan,nan,,2025,Março,nan,nan,nan,nan,nan,nan,nan,nan,"R$6.333.500,00","R$22.936.292,00","R$2.880.446,09",0,nan,nan,nan,nan,nan,nan,nan,nan,nan,nan,nan,nan,nan,nan,nan,nan,nan,nan,nan,nan,nan,nan,nan,nan
PE,PE - Competitividade Pernambucana,nan,nan,nan,nan,,2025,Abril,nan,nan,nan,nan,nan,nan,nan,nan,"R$40.327.079,00","R$32.506.649,00","R$6.163.043,46",4.444,nan,nan,nan,nan,nan,nan,nan,nan,nan,nan,nan,nan,nan,nan,nan,nan,nan,nan,nan,nan,nan,nan,nan,nan
PE,PE - PE – Aplicação dos Propósitos Locais,nan,nan,nan,nan,,2025,Abril,nan,nan,nan,nan,nan,nan,nan,nan,"R$6.333.500,00","R$23.086.409,00","R$3.976.050,07",0,nan,nan,nan,nan,nan,nan,nan,nan,nan,nan,nan,nan,nan,nan,nan,nan,nan,nan,nan,nan,nan,nan,nan,nan
PE,PE - Competitividade Pernambucana,nan,nan,nan,nan,,2025,Maio,nan,nan,nan,nan,nan,nan,nan,nan,"R$40.327.079,00","R$32.366.649,00","R$8.962.841,15",7.052,nan,nan,nan,nan,nan,nan,nan,nan,nan,nan,nan,nan,nan,nan,nan,nan,nan,nan,nan,nan,nan,nan,nan,nan
PE,PE - PE – Aplicação dos Propósitos Locais,nan,nan,nan,nan,,2025,Maio,nan,nan,nan,nan,nan,nan,nan,nan,"R$6.333.500,00","R$23.086.410,00","R$5.136.494,25",0,nan,nan,nan,nan,nan,nan,nan,nan,nan,nan,nan,nan,nan,nan,nan,nan,nan,nan,nan,nan,nan,nan,nan,nan
PE,PE - Competitividade Pernambucana,nan,nan,nan,nan,,2025,Junho,nan,nan,nan,nan,nan,nan,nan,nan,"R$40.327.079,00","R$30.073.410,00","R$10.930.282,01",8.950,nan,nan,nan,nan,nan,nan,nan,nan,nan,nan,nan,nan,nan,nan,nan,nan,nan,nan,nan,nan,nan,nan,nan,nan
PE,PE - PE – Aplicação dos Propósitos Locais,nan,nan,nan,nan,,2025,Junho,nan,nan,nan,nan,nan,nan,nan,nan,"R$6.333.500,00","R$21.361.139,00","R$5.823.458,74",88,nan,nan,nan,nan,nan,nan,nan,nan,nan,nan,nan,nan,nan,nan,nan,nan,nan,nan,nan,nan,nan,nan,nan,nan
PE,PE - Competitividade Pernambucana,nan,nan,nan,nan,,2025,Julho,nan,nan,nan,nan,nan,nan,nan,nan,"R$40.327.079,00","R$30.940.092,00","R$12.816.099,79",11.757,nan,nan,nan,nan,nan,nan,nan,nan,nan,nan,nan,nan,nan,nan,nan,nan,nan,nan,nan,nan,nan,nan,nan,nan
PE,PE - PE – Aplicação dos Propósitos Locais,nan,nan,nan,nan,,2025,Julho,nan,nan,nan,nan,nan,nan,nan,nan,"R$6.333.500,00","R$21.074.139,00","R$7.396.306,38",88,nan,nan,nan,nan,nan,nan,nan,nan,nan,nan,nan,nan,nan,nan,nan,nan,nan,nan,nan,nan,nan,nan,nan,nan
PE,PE - Competitividade Pernambucana,nan,nan,nan,nan,,2025,Agosto,nan,nan,nan,nan,nan,nan,nan,nan,"R$40.327.079,00","R$31.110.092,00","R$14.595.717,40",12.777,nan,nan,nan,nan,nan,nan,nan,nan,nan,nan,nan,nan,nan,nan,nan,nan,nan,nan,nan,nan,nan,nan,nan,nan
PE,PE - PE – Aplicação dos Propósitos Locais,nan,nan,nan,nan,,2025,Agosto,nan,nan,nan,nan,nan,nan,nan,nan,"R$6.333.500,00","R$20.542.539,00","R$7.927.743,74",88,nan,nan,nan,nan,nan,nan,nan,nan,nan,nan,nan,nan,nan,nan,nan,nan,nan,nan,nan,nan,nan,nan,nan,nan
PE,PE - Aplicação dos Propósitos Locais,nan,nan,nan,nan,,2024,Novembro,nan,nan,nan,nan,nan,nan,nan,nan,nan,nan,nan,nan,"R$19.511.490,00","R$21.377.085,00","R$16.313.135,04",29.411,nan,nan,nan,nan,nan,nan,nan,nan,nan,nan,nan,nan,nan,nan,nan,nan,nan,nan,nan,nan
PE,Estratégias e Iniciativas Locais,nan,nan,nan,nan,,2023,Novembro,nan,nan,nan,nan,nan,nan,nan,nan,nan,nan,nan,nan,nan,nan,nan,nan,"R$23.147.962,00","R$21.937.085,00","R$18.215.110,56",947,nan,nan,nan,nan,nan,nan,nan,nan,nan,nan,nan,nan,nan,nan,nan,nan
PE,Startup Teams,nan,nan,nan,nan,,2023,Novembro,nan,nan,nan,nan,nan,nan,nan,nan,nan,nan,nan,nan,nan,nan,nan,nan,"R$1.945.710,00","R$1.210.303,00","R$1.090.063,15",0,nan,nan,nan,nan,nan,nan,nan,nan,nan,nan,nan,nan,nan,nan,nan,nan
PE,Programa Startup Teams,"R$2.126.663,00","R$0,00","R$0,00",0,,2022,Novembro,nan,nan,nan,nan,nan,nan,nan,nan,nan,nan,nan,nan,nan,nan,nan,nan,nan,nan,nan,nan,nan,nan,nan,nan,nan,nan,nan,nan,nan,nan,nan,nan,nan,nan,nan,nan
PI,PROGRAMA LOCAL - Portfolio Local,"R$0,00","R$1.391.800,00","R$1.252.443,26",0,,2022,Novembro,nan,nan,nan,nan,nan,nan,nan,nan,nan,nan,nan,nan,nan,nan,nan,nan,nan,nan,nan,nan,nan,nan,nan,nan,nan,nan,nan,nan,nan,nan,nan,nan,nan,nan,nan,nan
RJ,RJ - Energia e Conexões Empresariais,nan,nan,nan,nan,,2025,Fevereiro,nan,nan,nan,nan,nan,nan,nan,nan,"R$1.500.000,00","R$1.500.000,00","R$844,30",0,nan,nan,nan,nan,nan,nan,nan,nan,nan,nan,nan,nan,nan,nan,nan,nan,nan,nan,nan,nan,nan,nan,nan,nan
RJ,RJ - Energia e Conexões Empresariais,nan,nan,nan,nan,,2025,Março,nan,nan,nan,nan,nan,nan,nan,nan,"R$1.500.000,00","R$1.500.000,00","R$844,30",0,nan,nan,nan,nan,nan,nan,nan,nan,nan,nan,nan,nan,nan,nan,nan,nan,nan,nan,nan,nan,nan,nan,nan,nan
RJ,RJ - Energia e Conexões Empresariais,nan,nan,nan,nan,,2025,Abril,nan,nan,nan,nan,nan,nan,nan,nan,"R$1.500.000,00","R$1.500.000,00","R$6.941,17",0,nan,nan,nan,nan,nan,nan,nan,nan,nan,nan,nan,nan,nan,nan,nan,nan,nan,nan,nan,nan,nan,nan,nan,nan
RJ,RJ - Energia e Conexões Empresariais,nan,nan,nan,nan,,2025,Maio,nan,nan,nan,nan,nan,nan,nan,nan,"R$1.500.000,00","R$1.500.000,00","R$7.930,17",0,nan,nan,nan,nan,nan,nan,nan,nan,nan,nan,nan,nan,nan,nan,nan,nan,nan,nan,nan,nan,nan,nan,nan,nan
RJ,RJ - Energia e Conexões Empresariais,nan,nan,nan,nan,,2025,Junho,nan,nan,nan,nan,nan,nan,nan,nan,"R$1.500.000,00","R$1.500.000,00","R$29.047,27",0,nan,nan,nan,nan,nan,nan,nan,nan,nan,nan,nan,nan,nan,nan,nan,nan,nan,nan,nan,nan,nan,nan,nan,nan
RJ,RJ - Energia e Conexões Empresariais,nan,nan,nan,nan,,2025,Julho,nan,nan,nan,nan,nan,nan,nan,nan,"R$1.500.000,00","R$1.500.000,00","R$61.420,28",0,nan,nan,nan,nan,nan,nan,nan,nan,nan,nan,nan,nan,nan,nan,nan,nan,nan,nan,nan,nan,nan,nan,nan,nan
RJ,RJ - Energia e Conexões Empresariais,nan,nan,nan,nan,,2025,Agosto,nan,nan,nan,nan,nan,nan,nan,nan,"R$1.500.000,00","R$1.500.000,00","R$72.068,33",0,nan,nan,nan,nan,nan,nan,nan,nan,nan,nan,nan,nan,nan,nan,nan,nan,nan,nan,nan,nan,nan,nan,nan,nan
RJ,Programa RJ - Competitividade Setorial,"R$0,00","R$735.331,00","R$494.882,24",2.751,,2022,Novembro,nan,nan,nan,nan,nan,nan,nan,nan,nan,nan,nan,nan,nan,nan,nan,nan,nan,nan,nan,nan,nan,nan,nan,nan,nan,nan,nan,nan,nan,nan,nan,nan,nan,nan,nan,nan
RN,RN - Gestão de Convênios e Editais,"R$0,00","R$2.000.000,00","R$1.757.268,38",0,,2022,Novembro,nan,nan,nan,nan,nan,nan,nan,nan,nan,nan,nan,nan,nan,nan,nan,nan,nan,nan,nan,nan,nan,nan,nan,nan,nan,nan,nan,nan,nan,nan,nan,nan,nan,nan,nan,nan
RN,RN - Gestão de Soluções,"R$1.283.500,00","R$1.334.500,00","R$1.298.987,61",0,,2022,Novembro,nan,nan,nan,nan,nan,nan,nan,nan,nan,nan,nan,nan,nan,nan,nan,nan,nan,nan,nan,nan,nan,nan,nan,nan,nan,nan,nan,nan,nan,nan,nan,nan,nan,nan,nan,nan
RS,Programa RS - Competitividade das Cadeias Produtivas,"R$14.743.300,00","R$52.238.545,00","R$44.185.477,99",15.930,,2022,Novembro,nan,nan,nan,nan,nan,nan,nan,nan,nan,nan,nan,nan,nan,nan,nan,nan,nan,nan,nan,nan,nan,nan,nan,nan,nan,nan,nan,nan,nan,nan,nan,nan,nan,nan,nan,nan
RS,Programa RS - Curadoria e Desenvolvimento de Produtos,"R$2.355.000,00","R$1.995.001,00","R$975.794,67",0,,2022,Novembro,nan,nan,nan,nan,nan,nan,nan,nan,nan,nan,nan,nan,nan,nan,nan,nan,nan,nan,nan,nan,nan,nan,nan,nan,nan,nan,nan,nan,nan,nan,nan,nan,nan,nan,nan,nan
RS,Programa RS - Juntos para Competir,"R$0,00","R$22.282.435,00","R$17.671.024,86",8.956,,2022,Novembro,nan,nan,nan,nan,nan,nan,nan,nan,nan,nan,nan,nan,nan,nan,nan,nan,nan,nan,nan,nan,nan,nan,nan,nan,nan,nan,nan,nan,nan,nan,nan,nan,nan,nan,nan,nan
RS,Programa RS - Marketing e Comunicação,"R$4.128.663,00","R$7.936.003,00","R$5.880.828,69",0,,2022,Novembro,nan,nan,nan,nan,nan,nan,nan,nan,nan,nan,nan,nan,nan,nan,nan,nan,nan,nan,nan,nan,nan,nan,nan,nan,nan,nan,nan,nan,nan,nan,nan,nan,nan,nan,nan,nan
RS,Programa RS - Competitividade das Cadeias Produtivas,nan,nan,nan,nan,,2021,Novembro,"R$21.800.000,00","R$24.340.378,00","R$19.165.503,24",13.359,nan,nan,nan,nan,nan,nan,nan,nan,nan,nan,nan,nan,nan,nan,nan,nan,nan,nan,nan,nan,nan,nan,nan,nan,nan,nan,nan,nan,nan,nan,nan,nan
RS,Programa RS - Juntos para Competir,nan,nan,nan,nan,,2021,Novembro,"R$20.463.333,00","R$19.697.369,00","R$14.754.817,49",12.343,nan,nan,nan,nan,nan,nan,nan,nan,nan,nan,nan,nan,nan,nan,nan,nan,nan,nan,nan,nan,nan,nan,nan,nan,nan,nan,nan,nan,nan,nan,nan,nan
RS,Programa RS - Competitividade das Cadeias Produtivas,nan,nan,nan,nan,,2020,Novembro,nan,nan,nan,nan,"R$58.250.237,00","R$39.177.888,00","R$26.230.391,59",44.804,nan,nan,nan,nan,nan,nan,nan,nan,nan,nan,nan,nan,nan,nan,nan,nan,nan,nan,nan,nan,nan,nan,nan,nan,nan,nan,nan,nan
SC,SC - Programa de Fortalecimento de Parcerias Estratégicas,nan,nan,nan,nan,,2025,Janeiro,nan,nan,nan,nan,nan,nan,nan,nan,"R$11.010.280,00","R$11.010.280,00","R$39.483,23",532,nan,nan,nan,nan,nan,nan,nan,nan,nan,nan,nan,nan,nan,nan,nan,nan,nan,nan,nan,nan,nan,nan,nan,nan
SC,SC - Programa de Fortalecimento de Parcerias Estratégicas,nan,nan,nan,nan,,2025,Fevereiro,nan,nan,nan,nan,nan,nan,nan,nan,"R$11.010.280,00","R$11.010.280,00","R$414.026,33",759,nan,nan,nan,nan,nan,nan,nan,nan,nan,nan,nan,nan,nan,nan,nan,nan,nan,nan,nan,nan,nan,nan,nan,nan
SC,SC - Programa de Fortalecimento de Parcerias Estratégicas,nan,nan,nan,nan,,2025,Março,nan,nan,nan,nan,nan,nan,nan,nan,"R$11.010.280,00","R$11.168.101,00","R$825.901,64",769,nan,nan,nan,nan,nan,nan,nan,nan,nan,nan,nan,nan,nan,nan,nan,nan,nan,nan,nan,nan,nan,nan,nan,nan
SC,SC - Programa de Fortalecimento de Parcerias Estratégicas,nan,nan,nan,nan,,2025,Abril,nan,nan,nan,nan,nan,nan,nan,nan,"R$11.010.280,00","R$10.618.101,00","R$1.292.630,25",784,nan,nan,nan,nan,nan,nan,nan,nan,nan,nan,nan,nan,nan,nan,nan,nan,nan,nan,nan,nan,nan,nan,nan,nan
SC,SC - Programa de Fortalecimento de Parcerias Estratégicas,nan,nan,nan,nan,,2025,Maio,nan,nan,nan,nan,nan,nan,nan,nan,"R$11.010.280,00","R$7.202.514,00","R$1.317.853,08",768,nan,nan,nan,nan,nan,nan,nan,nan,nan,nan,nan,nan,nan,nan,nan,nan,nan,nan,nan,nan,nan,nan,nan,nan
SC,SC - Programa de Fortalecimento de Parcerias Estratégicas,nan,nan,nan,nan,,2025,Junho,nan,nan,nan,nan,nan,nan,nan,nan,"R$11.010.280,00","R$7.118.104,00","R$1.481.828,11",787,nan,nan,nan,nan,nan,nan,nan,nan,nan,nan,nan,nan,nan,nan,nan,nan,nan,nan,nan,nan,nan,nan,nan,nan
SC,SC - Programa de Fortalecimento de Parcerias Estratégicas,nan,nan,nan,nan,,2025,Julho,nan,nan,nan,nan,nan,nan,nan,nan,"R$11.010.280,00","R$7.118.104,00","R$1.940.270,25",1.045,nan,nan,nan,nan,nan,nan,nan,nan,nan,nan,nan,nan,nan,nan,nan,nan,nan,nan,nan,nan,nan,nan,nan,nan
SC,SC - Programa de Fortalecimento de Parcerias Estratégicas,nan,nan,nan,nan,,2025,Agosto,nan,nan,nan,nan,nan,nan,nan,nan,"R$11.010.280,00","R$7.118.104,00","R$2.226.386,94",1.045,nan,nan,nan,nan,nan,nan,nan,nan,nan,nan,nan,nan,nan,nan,nan,nan,nan,nan,nan,nan,nan,nan,nan,nan
SC,SC - SC - Programa de Fortalecimento de Parcerias Estratégicas,nan,nan,nan,nan,,2024,Novembro,nan,nan,nan,nan,nan,nan,nan,nan,nan,nan,nan,nan,"R$5.958.100,00","R$5.718.330,00","R$5.509.018,08",17.430,nan,nan,nan,nan,nan,nan,nan,nan,nan,nan,nan,nan,nan,nan,nan,nan,nan,nan,nan,nan
SC,SC - Programa de Fortalecimento de Parcerias Estratégicas,nan,nan,nan,nan,,2023,Novembro,nan,nan,nan,nan,nan,nan,nan,nan,nan,nan,nan,nan,nan,nan,nan,nan,"R$8.415.001,00","R$10.048.175,00","R$9.835.305,72",4.877,nan,nan,nan,nan,nan,nan,nan,nan,nan,nan,nan,nan,nan,nan,nan,nan
SC,Programa de Fortalecimento de Parcerias Estratégicas,"R$0,00","R$7.090.773,00","R$5.285.092,33",9.144,,2022,Novembro,nan,nan,nan,nan,nan,nan,nan,nan,nan,nan,nan,nan,nan,nan,nan,nan,nan,nan,nan,nan,nan,nan,nan,nan,nan,nan,nan,nan,nan,nan,nan,nan,nan,nan,nan,nan
SC,Programa de Reposicionamento de Agências,"R$0,00","R$1.027.007,00","R$723.127,53",0,,2022,Novembro,nan,nan,nan,nan,nan,nan,nan,nan,nan,nan,nan,nan,nan,nan,nan,nan,nan,nan,nan,nan,nan,nan,nan,nan,nan,nan,nan,nan,nan,nan,nan,nan,nan,nan,nan,nan
SP,SP - Competitividade do MEI,nan,nan,nan,nan,,2025,Janeiro,nan,nan,nan,nan,nan,nan,nan,nan,"R$6.747.333,00","R$6.747.333,00","R$223.497,61",0,nan,nan,nan,nan,nan,nan,nan,nan,nan,nan,nan,nan,nan,nan,nan,nan,nan,nan,nan,nan,nan,nan,nan,nan
SP,SP - Competitividade do MEI,nan,nan,nan,nan,,2025,Fevereiro,nan,nan,nan,nan,nan,nan,nan,nan,"R$6.747.333,00","R$6.747.333,00","R$1.413.618,32",2.748,nan,nan,nan,nan,nan,nan,nan,nan,nan,nan,nan,nan,nan,nan,nan,nan,nan,nan,nan,nan,nan,nan,nan,nan
SP,SP - Competitividade do MEI,nan,nan,nan,nan,,2025,Março,nan,nan,nan,nan,nan,nan,nan,nan,"R$6.747.333,00","R$6.747.333,00","R$2.139.910,88",6.264,nan,nan,nan,nan,nan,nan,nan,nan,nan,nan,nan,nan,nan,nan,nan,nan,nan,nan,nan,nan,nan,nan,nan,nan
SP,SP - Competitividade do MEI,nan,nan,nan,nan,,2025,Abril,nan,nan,nan,nan,nan,nan,nan,nan,"R$6.747.333,00","R$6.747.333,00","R$2.525.989,11",9.923,nan,nan,nan,nan,nan,nan,nan,nan,nan,nan,nan,nan,nan,nan,nan,nan,nan,nan,nan,nan,nan,nan,nan,nan
SP,SP - Competitividade do MEI,nan,nan,nan,nan,,2025,Maio,nan,nan,nan,nan,nan,nan,nan,nan,"R$6.747.333,00","R$6.747.333,00","R$2.787.846,73",20.896,nan,nan,nan,nan,nan,nan,nan,nan,nan,nan,nan,nan,nan,nan,nan,nan,nan,nan,nan,nan,nan,nan,nan,nan
SP,SP - Competitividade do MEI,nan,nan,nan,nan,,2025,Junho,nan,nan,nan,nan,nan,nan,nan,nan,"R$6.747.333,00","R$6.747.333,00","R$3.390.223,89",33.585,nan,nan,nan,nan,nan,nan,nan,nan,nan,nan,nan,nan,nan,nan,nan,nan,nan,nan,nan,nan,nan,nan,nan,nan
SP,SP - Competitividade do MEI,nan,nan,nan,nan,,2025,Julho,nan,nan,nan,nan,nan,nan,nan,nan,"R$6.747.333,00","R$8.070.995,00","R$3.534.034,69",41.874,nan,nan,nan,nan,nan,nan,nan,nan,nan,nan,nan,nan,nan,nan,nan,nan,nan,nan,nan,nan,nan,nan,nan,nan
SP,SP - Competitividade do MEI,nan,nan,nan,nan,,2025,Agosto,nan,nan,nan,nan,nan,nan,nan,nan,"R$6.747.333,00","R$8.070.995,00","R$3.650.875,33",43.150,nan,nan,nan,nan,nan,nan,nan,nan,nan,nan,nan,nan,nan,nan,nan,nan,nan,nan,nan,nan,nan,nan,nan,nan
SP,Programa Sebrae-SP - Ambiente de Negócios,"R$24.205.370,00","R$26.788.655,00","R$25.909.980,42",1.683,,2022,Novembro,nan,nan,nan,nan,nan,nan,nan,nan,nan,nan,nan,nan,nan,nan,nan,nan,nan,nan,nan,nan,nan,nan,nan,nan,nan,nan,nan,nan,nan,nan,nan,nan,nan,nan,nan,nan
SP,Programa Sebrae-SP - Inovação,"R$17.141.652,00","R$29.540.636,00","R$616.680,55",510,,2022,Novembro,nan,nan,nan,nan,nan,nan,nan,nan,nan,nan,nan,nan,nan,nan,nan,nan,nan,nan,nan,nan,nan,nan,nan,nan,nan,nan,nan,nan,nan,nan,nan,nan,nan,nan,nan,nan
SE,SE - Movimenta Sergipe,nan,nan,nan,nan,,2024,Novembro,nan,nan,nan,nan,nan,nan,nan,nan,nan,nan,nan,nan,"R$637.000,00","R$632.000,00","R$606.642,61",3.272,nan,nan,nan,nan,nan,nan,nan,nan,nan,nan,nan,nan,nan,nan,nan,nan,nan,nan,nan,nan
SE,Programa Local - Portfólio de Soluções,nan,nan,nan,nan,,2023,Novembro,nan,nan,nan,nan,nan,nan,nan,nan,nan,nan,nan,nan,nan,nan,nan,nan,"R$500.000,00","R$295.900,00","R$252.187,04",0,nan,nan,nan,nan,nan,nan,nan,nan,nan,nan,nan,nan,nan,nan,nan,nan
SE,Portfólio de Soluções,"R$0,00","R$185.000,00","R$112.281,56",0,,2022,Novembro,nan,nan,nan,nan,nan,nan,nan,nan,nan,nan,nan,nan,nan,nan,nan,nan,nan,nan,nan,nan,nan,nan,nan,nan,nan,nan,nan,nan,nan,nan,nan,nan,nan,nan,nan,nan
SE,Programa Local - Construção e Reformas,"R$0,00","R$850.000,00","R$0,00",0,,2022,Novembro,nan,nan,nan,nan,nan,nan,nan,nan,nan,nan,nan,nan,nan,nan,nan,nan,nan,nan,nan,nan,nan,nan,nan,nan,nan,nan,nan,nan,nan,nan,nan,nan,nan,nan,nan,nan
SE,Programa Local de Empreendedorismo,"R$0,00","R$3.975.066,00","R$3.026.829,53",340,,2022,Novembro,nan,nan,nan,nan,nan,nan,nan,nan,nan,nan,nan,nan,nan,nan,nan,nan,nan,nan,nan,nan,nan,nan,nan,nan,nan,nan,nan,nan,nan,nan,nan,nan,nan,nan,nan,nan
SE,Cultura Empreendedora,nan,nan,nan,nan,,2021,Novembro,"R$0,00","R$244.200,00","R$129.673,86",1.656,nan,nan,nan,nan,nan,nan,nan,nan,nan,nan,nan,nan,nan,nan,nan,nan,nan,nan,nan,nan,nan,nan,nan,nan,nan,nan,nan,nan,nan,nan,nan,nan
SE,Desenvolvimento Setorial,nan,nan,nan,nan,,2021,Novembro,"R$637.000,00","R$705.500,00","R$327.562,85",782,nan,nan,nan,nan,nan,nan,nan,nan,nan,nan,nan,nan,nan,nan,nan,nan,nan,nan,nan,nan,nan,nan,nan,nan,nan,nan,nan,nan,nan,nan,nan,nan
SE,Ecossistemas de Inovação,nan,nan,nan,nan,,2021,Novembro,"R$0,00","R$110.000,00","R$0,00",0,nan,nan,nan,nan,nan,nan,nan,nan,nan,nan,nan,nan,nan,nan,nan,nan,nan,nan,nan,nan,nan,nan,nan,nan,nan,nan,nan,nan,nan,nan,nan,nan
SE,Gestão de Pessoas,nan,nan,nan,nan,,2021,Novembro,"R$988.900,00","R$898.900,00","R$382.206,02",0,nan,nan,nan,nan,nan,nan,nan,nan,nan,nan,nan,nan,nan,nan,nan,nan,nan,nan,nan,nan,nan,nan,nan,nan,nan,nan,nan,nan,nan,nan,nan,nan
SE,Portfólio de Soluções,nan,nan,nan,nan,,2021,Novembro,"R$0,00","R$100.000,00","R$6.099,00",0,nan,nan,nan,nan,nan,nan,nan,nan,nan,nan,nan,nan,nan,nan,nan,nan,nan,nan,nan,nan,nan,nan,nan,nan,nan,nan,nan,nan,nan,nan,nan,nan
TO,TO - Programa Rede Empreender,nan,nan,nan,nan,,2025,Janeiro,nan,nan,nan,nan,nan,nan,nan,nan,"R$2.618.143,00","R$2.618.143,00","R$523,73",0,nan,nan,nan,nan,nan,nan,nan,nan,nan,nan,nan,nan,nan,nan,nan,nan,nan,nan,nan,nan,nan,nan,nan,nan
TO,TO - Parcerias Institucionais,nan,nan,nan,nan,,2025,Fevereiro,nan,nan,nan,nan,nan,nan,nan,nan,"R$8.020.000,00","R$8.020.000,00","R$0,00",0,nan,nan,nan,nan,nan,nan,nan,nan,nan,nan,nan,nan,nan,nan,nan,nan,nan,nan,nan,nan,nan,nan,nan,nan
TO,TO - Programa Rede Empreender,nan,nan,nan,nan,,2025,Fevereiro,nan,nan,nan,nan,nan,nan,nan,nan,"R$2.618.143,00","R$2.618.143,00","R$97.789,03",128,nan,nan,nan,nan,nan,nan,nan,nan,nan,nan,nan,nan,nan,nan,nan,nan,nan,nan,nan,nan,nan,nan,nan,nan
TO,TO - Parcerias Institucionais,nan,nan,nan,nan,,2025,Março,nan,nan,nan,nan,nan,nan,nan,nan,"R$8.020.000,00","R$7.910.000,00","R$0,00",0,nan,nan,nan,nan,nan,nan,nan,nan,nan,nan,nan,nan,nan,nan,nan,nan,nan,nan,nan,nan,nan,nan,nan,nan
TO,TO - Programa Rede Empreender,nan,nan,nan,nan,,2025,Março,nan,nan,nan,nan,nan,nan,nan,nan,"R$2.618.143,00","R$2.618.143,00","R$224.436,04",269,nan,nan,nan,nan,nan,nan,nan,nan,nan,nan,nan,nan,nan,nan,nan,nan,nan,nan,nan,nan,nan,nan,nan,nan
TO,TO - Parcerias Institucionais,nan,nan,nan,nan,,2025,Abril,nan,nan,nan,nan,nan,nan,nan,nan,"R$8.020.000,00","R$7.910.000,00","R$0,00",0,nan,nan,nan,nan,nan,nan,nan,nan,nan,nan,nan,nan,nan,nan,nan,nan,nan,nan,nan,nan,nan,nan,nan,nan
TO,TO - Programa Rede Empreender,nan,nan,nan,nan,,2025,Abril,nan,nan,nan,nan,nan,nan,nan,nan,"R$2.618.143,00","R$2.618.143,00","R$311.094,81",463,nan,nan,nan,nan,nan,nan,nan,nan,nan,nan,nan,nan,nan,nan,nan,nan,nan,nan,nan,nan,nan,nan,nan,nan
TO,TO - Parcerias Institucionais,nan,nan,nan,nan,,2025,Maio,nan,nan,nan,nan,nan,nan,nan,nan,"R$8.020.000,00","R$7.445.974,00","R$0,00",0,nan,nan,nan,nan,nan,nan,nan,nan,nan,nan,nan,nan,nan,nan,nan,nan,nan,nan,nan,nan,nan,nan,nan,nan
TO,TO - Programa Rede Empreender,nan,nan,nan,nan,,2025,Maio,nan,nan,nan,nan,nan,nan,nan,nan,"R$2.618.143,00","R$2.618.143,00","R$663.818,04",742,nan,nan,nan,nan,nan,nan,nan,nan,nan,nan,nan,nan,nan,nan,nan,nan,nan,nan,nan,nan,nan,nan,nan,nan
TO,TO - Parcerias Institucionais,nan,nan,nan,nan,,2025,Junho,nan,nan,nan,nan,nan,nan,nan,nan,"R$8.020.000,00","R$7.445.974,00","R$30.911,10",0,nan,nan,nan,nan,nan,nan,nan,nan,nan,nan,nan,nan,nan,nan,nan,nan,nan,nan,nan,nan,nan,nan,nan,nan
TO,TO - Programa Rede Empreender,nan,nan,nan,nan,,2025,Junho,nan,nan,nan,nan,nan,nan,nan,nan,"R$2.618.143,00","R$2.618.143,00","R$883.499,36",1.243,nan,nan,nan,nan,nan,nan,nan,nan,nan,nan,nan,nan,nan,nan,nan,nan,nan,nan,nan,nan,nan,nan,nan,nan
TO,TO - Parcerias Institucionais,nan,nan,nan,nan,,2025,Julho,nan,nan,nan,nan,nan,nan,nan,nan,"R$8.020.000,00","R$7.445.974,00","R$36.978,13",0,nan,nan,nan,nan,nan,nan,nan,nan,nan,nan,nan,nan,nan,nan,nan,nan,nan,nan,nan,nan,nan,nan,nan,nan
TO,TO - Programa Rede Empreender,nan,nan,nan,nan,,2025,Julho,nan,nan,nan,nan,nan,nan,nan,nan,"R$2.618.143,00","R$2.498.143,00","R$1.080.358,30",1.622,nan,nan,nan,nan,nan,nan,nan,nan,nan,nan,nan,nan,nan,nan,nan,nan,nan,nan,nan,nan,nan,nan,nan,nan
TO,TO - Parcerias Institucionais,nan,nan,nan,nan,,2025,Agosto,nan,nan,nan,nan,nan,nan,nan,nan,"R$8.020.000,00","R$9.580.592,00","R$37.642,33",0,nan,nan,nan,nan,nan,nan,nan,nan,nan,nan,nan,nan,nan,nan,nan,nan,nan,nan,nan,nan,nan,nan,nan,nan
TO,TO - Programa Rede Empreender,nan,nan,nan,nan,,2025,Agosto,nan,nan,nan,nan,nan,nan,nan,nan,"R$2.618.143,00","R$2.498.143,00","R$1.147.861,01",1.739,nan,nan,nan,nan,nan,nan,nan,nan,nan,nan,nan,nan,nan,nan,nan,nan,nan,nan,nan,nan,nan,nan,nan,nan
TO,TO - Programa de Competitividade para os Pequenos Negócios,nan,nan,nan,nan,,2024,Novembro,nan,nan,nan,nan,nan,nan,nan,nan,nan,nan,nan,nan,"R$5.797.451,00","R$5.168.553,00","R$3.918.913,31",7.728,nan,nan,nan,nan,nan,nan,nan,nan,nan,nan,nan,nan,nan,nan,nan,nan,nan,nan,nan,nan
TO,TO - Programa Estadual Parcerias Institucionais,nan,nan,nan,nan,,2023,Novembro,nan,nan,nan,nan,nan,nan,nan,nan,nan,nan,nan,nan,nan,nan,nan,nan,"R$1,00","R$965.056,00","R$733.283,24",0,nan,nan,nan,nan,nan,nan,nan,nan,nan,nan,nan,nan,nan,nan,nan,nan
TO,TO - Programa Potencialização do Atendimento,nan,nan,nan,nan,,2023,Novembro,nan,nan,nan,nan,nan,nan,nan,nan,nan,nan,nan,nan,nan,nan,nan,nan,"R$10.638.405,94","R$14.655.701,00","R$9.282.925,52",6.400,nan,nan,nan,nan,nan,nan,nan,nan,nan,nan,nan,nan,nan,nan,nan,nan
TO,PROGRAMA LOCAL - Parcerias e Relações Internacionais do SEBRAE/TO,"R$0,00","R$500.001,00","R$18.237,50",3,,2022,Novembro,nan,nan,nan,nan,nan,nan,nan,nan,nan,nan,nan,nan,nan,nan,nan,nan,nan,nan,nan,nan,nan,nan,nan,nan,nan,nan,nan,nan,nan,nan,nan,nan,nan,nan,nan,nan
TO,PROGRAMA LOCAL - Potencialização do Atendimento,"R$0,00","R$8.190.631,00","R$5.786.105,70",5.225,,2022,Novembro,nan,nan,nan,nan,nan,nan,nan,nan,nan,nan,nan,nan,nan,nan,nan,nan,nan,nan,nan,nan,nan,nan,nan,nan,nan,nan,nan,nan,nan,nan,nan,nan,nan,nan,nan,nan
TO,PROGRAMA DE DESENVOLVIMENTO DA PRODUÇÃO ARTESANAL ASSOCIADA AO TURISMO,nan,nan,nan,nan,,2016,Novembro,nan,nan,nan,nan,nan,nan,nan,nan,nan,nan,nan,nan,nan,nan,nan,nan,nan,nan,nan,nan,nan,nan,nan,nan,nan,nan,nan,nan,"R$110.000,00","R$1.039.788,00","R$761.409,76",202,nan,nan,nan,nan
TO,Programa de Desenvolvimento da Cadeia Produtiva do Leite do Tocantins,nan,nan,nan,nan,,2015,Novembro,nan,nan,nan,nan,nan,nan,nan,nan,nan,nan,nan,nan,nan,nan,nan,nan,nan,nan,nan,nan,"R$1.589.170,00","R$2.182.312,00","R$1.999.113,12",6.969,nan,nan,nan,nan,nan,nan,nan,nan,nan,nan,nan,nan
TO,PROGRAMA DE DESENVOLVIMENTO DA PRODUÇÃO ARTESANAL ASSOCIADA AO TURISMO,nan,nan,nan,nan,,2015,Novembro,nan,nan,nan,nan,nan,nan,nan,nan,nan,nan,nan,nan,nan,nan,nan,nan,nan,nan,nan,nan,"R$2.555.786,00","R$2.655.827,00","R$1.838.846,77",1.393,nan,nan,nan,nan,nan,nan,nan,nan,nan,nan,nan,nan
